State,Year,Period,labor force participation rate,employment-population ratio,labor force,employment,unemployment,unemployment rate
Alabama,2017,Jan,57.3,54.2,2190329(R),2071081(R),119248(R),5.4(R)
Alabama,2017,Feb,57.2,54.2,2188348(R),2074705(R),113643(R),5.2(R)
Alabama,2017,Mar,57.1,54.3,2186288(R),2078249(R),108039(R),4.9(R)
Alabama,2017,Apr,57.1,54.4,2184662(R),2081749(R),102913(R),4.7(R)
Alabama,2017,May,57,54.5,2183769(R),2085452(R),98317(R),4.5(R)
Alabama,2017,Jun,57,54.5,2183742(R),2089327(R),94415(R),4.3(R)
Alabama,2017,Jul,57,54.6,2184590(R),2093230(R),91360(R),4.2(R)
Alabama,2017,Aug,57,54.7,2185775(R),2096855(R),88920(R),4.1(R)
Alabama,2017,Sep,57,54.8,2186882(R),2099944(R),86938(R),4.0(R)
Alabama,2017,Oct,57,54.8,2187906(R),2102409(R),85497(R),3.9(R)
Alabama,2017,Nov,57,54.8,2189013(R),2104285(R),84728(R),3.9(R)
Alabama,2017,Dec,57.1,54.9,2190664(R),2106038(R),84626(R),3.9(R)
Alabama,2018,Jan,57.1,54.9,2193503(R),2108270(R),85233(R),3.9(R)
Alabama,2018,Feb,57.2,55,2197940(R),2111603(R),86337(R),3.9(R)
Alabama,2018,Mar,57.4,55.1,2203652(R),2116089(R),87563(R),4.0(R)
Alabama,2018,Apr,57.5,55.2,2209336(R),2120773(R),88563(R),4.0(R)
Alabama,2018,May,57.6,55.3,2213939(R),2124833(R),89106(R),4.0(R)
Alabama,2018,Jun,57.7,55.4,2217374(R),2128455(R),88919(R),4.0(R)
Alabama,2018,Jul,57.7,55.4,2219912(R),2132025(R),87887(R),4.0(R)
Alabama,2018,Aug,57.8,55.5,2222360(R),2135951(R),86409(R),3.9(R)
Alabama,2018,Sep,57.8,55.6,2225266(R),2140433(R),84833(R),3.8(R)
Alabama,2018,Oct,57.9,55.7,2228692(R),2145326(R),83366(R),3.7(R)
Alabama,2018,Nov,57.9,55.8,2232417(R),2150295(R),82122(R),3.7(R)
Alabama,2018,Dec,58,55.9,2235806(R),2154840(R),80966(R),3.6(R)
Alaska,2017,Jan,66.1,61.5,361184(R),336091(R),25093(R),6.9(R)
Alaska,2017,Feb,66,61.4,360999(R),335923(R),25076(R),6.9(R)
Alaska,2017,Mar,66,61.4,360734(R),335685(R),25049(R),6.9(R)
Alaska,2017,Apr,65.9,61.4,360424(R),335404(R),25020(R),6.9(R)
Alaska,2017,May,65.9,61.3,360108(R),335115(R),24993(R),6.9(R)
Alaska,2017,Jun,65.8,61.2,359773(R),334812(R),24961(R),6.9(R)
Alaska,2017,Jul,65.8,61.2,359397(R),334477(R),24920(R),6.9(R)
Alaska,2017,Aug,65.7,61.1,358955(R),334099(R),24856(R),6.9(R)
Alaska,2017,Sep,65.6,61,358433(R),333676(R),24757(R),6.9(R)
Alaska,2017,Oct,65.5,61,357834(R),333225(R),24609(R),6.9(R)
Alaska,2017,Nov,65.3,60.9,357182(R),332767(R),24415(R),6.8(R)
Alaska,2017,Dec,65.2,60.8,356505(R),332314(R),24191(R),6.8(R)
Alaska,2018,Jan,65.1,60.7,355829(R),331874(R),23955(R),6.7(R)
Alaska,2018,Feb,65,60.7,355178(R),331455(R),23723(R),6.7(R)
Alaska,2018,Mar,64.9,60.6,354566(R),331070(R),23496(R),6.6(R)
Alaska,2018,Apr,64.8,60.6,353961(R),330684(R),23277(R),6.6(R)
Alaska,2018,May,64.7,60.5,353358(R),330286(R),23072(R),6.5(R)
Alaska,2018,Jun,64.6,60.4,352793(R),329915(R),22878(R),6.5(R)
Alaska,2018,Jul,64.5,60.4,352275(R),329595(R),22680(R),6.4(R)
Alaska,2018,Aug,64.4,60.3,351779(R),329316(R),22463(R),6.4(R)
Alaska,2018,Sep,64.4,60.3,351291(R),329057(R),22234(R),6.3(R)
Alaska,2018,Oct,64.3,60.2,350796(R),328786(R),22010(R),6.3(R)
Alaska,2018,Nov,64.2,60.2,350301(R),328499(R),21802(R),6.2(R)
Alaska,2018,Dec,64.1,60.2,349804(R),328196(R),21608(R),6.2(R)
Arizona,2017,Jan,60.3,57.2,3282429(R),3114283(R),168146(R),5.1(R)
Arizona,2017,Feb,60.4,57.3,3290284(R),3123321(R),166963(R),5.1(R)
Arizona,2017,Mar,60.4,57.4,3297732(R),3132221(R),165511(R),5.0(R)
Arizona,2017,Apr,60.5,57.5,3305044(R),3141191(R),163853(R),5.0(R)
Arizona,2017,May,60.5,57.6,3312332(R),3150385(R),161947(R),4.9(R)
Arizona,2017,Jun,60.6,57.6,3319371(R),3159326(R),160045(R),4.8(R)
Arizona,2017,Jul,60.6,57.7,3326257(R),3167678(R),158579(R),4.8(R)
Arizona,2017,Aug,60.6,57.7,3332708(R),3174978(R),157730(R),4.7(R)
Arizona,2017,Sep,60.6,57.7,3338749(R),3181220(R),157529(R),4.7(R)
Arizona,2017,Oct,60.6,57.7,3344829(R),3186910(R),157919(R),4.7(R)
Arizona,2017,Nov,60.6,57.7,3351184(R),3192358(R),158826(R),4.7(R)
Arizona,2017,Dec,60.6,57.7,3358236(R),3198442(R),159794(R),4.8(R)
Arizona,2018,Jan,60.7,57.8,3366486(R),3205948(R),160538(R),4.8(R)
Arizona,2018,Feb,60.8,57.9,3376106(R),3215169(R),160937(R),4.8(R)
Arizona,2018,Mar,60.9,58,3386426(R),3225595(R),160831(R),4.7(R)
Arizona,2018,Apr,60.9,58.1,3396135(R),3235878(R),160257(R),4.7(R)
Arizona,2018,May,61,58.1,3404930(R),3245296(R),159634(R),4.7(R)
Arizona,2018,Jun,61.1,58.2,3413715(R),3254394(R),159321(R),4.7(R)
Arizona,2018,Jul,61.1,58.3,3423234(R),3263708(R),159526(R),4.7(R)
Arizona,2018,Aug,61.2,58.3,3434389(R),3273765(R),160624(R),4.7(R)
Arizona,2018,Sep,61.3,58.4,3447202(R),3284637(R),162565(R),4.7(R)
Arizona,2018,Oct,61.4,58.5,3460835(R),3295879(R),164956(R),4.8(R)
Arizona,2018,Nov,61.6,58.6,3474104(R),3306870(R),167234(R),4.8(R)
Arizona,2018,Dec,61.7,58.7,3485584(R),3316612(R),168972(R),4.8(R)
Arkansas,2017,Jan,57.9,55.7,1340760(R),1291336(R),49424(R),3.7(R)
Arkansas,2017,Feb,57.9,55.8,1341916(R),1292907(R),49009(R),3.7(R)
Arkansas,2017,Mar,57.9,55.8,1343493(R),1294611(R),48882(R),3.6(R)
Arkansas,2017,Apr,58,55.9,1345229(R),1296194(R),49035(R),3.6(R)
Arkansas,2017,May,58,55.9,1346838(R),1297486(R),49352(R),3.7(R)
Arkansas,2017,Jun,58.1,55.9,1348160(R),1298417(R),49743(R),3.7(R)
Arkansas,2017,Jul,58.1,55.9,1349144(R),1299024(R),50120(R),3.7(R)
Arkansas,2017,Aug,58.1,55.9,1349708(R),1299345(R),50363(R),3.7(R)
Arkansas,2017,Sep,58.1,55.9,1349858(R),1299427(R),50431(R),3.7(R)
Arkansas,2017,Oct,58,55.9,1349769(R),1299370(R),50399(R),3.7(R)
Arkansas,2017,Nov,58,55.8,1349591(R),1299197(R),50394(R),3.7(R)
Arkansas,2017,Dec,58,55.8,1349478(R),1299051(R),50427(R),3.7(R)
Arkansas,2018,Jan,58,55.8,1349555(R),1299054(R),50501(R),3.7(R)
Arkansas,2018,Feb,58,55.8,1349868(R),1299305(R),50563(R),3.7(R)
Arkansas,2018,Mar,58,55.8,1350386(R),1299917(R),50469(R),3.7(R)
Arkansas,2018,Apr,58,55.8,1350866(R),1300745(R),50121(R),3.7(R)
Arkansas,2018,May,58,55.8,1351212(R),1301603(R),49609(R),3.7(R)
Arkansas,2018,Jun,58,55.9,1351596(R),1302534(R),49062(R),3.6(R)
Arkansas,2018,Jul,58,55.9,1352169(R),1303583(R),48586(R),3.6(R)
Arkansas,2018,Aug,58,55.9,1353228(R),1304892(R),48336(R),3.6(R)
Arkansas,2018,Sep,58,55.9,1354940(R),1306573(R),48367(R),3.6(R)
Arkansas,2018,Oct,58.1,56,1357108(R),1308521(R),48587(R),3.6(R)
Arkansas,2018,Nov,58.2,56.1,1359350(R),1310531(R),48819(R),3.6(R)
Arkansas,2018,Dec,58.2,56.1,1361225(R),1312311(R),48914(R),3.6(R)
California,2017,Jan,62.2,58.9,19105316(R),18112068(R),993248(R),5.2(R)
California,2017,Feb,62.2,59,19119415(R),18143174(R),976241(R),5.1(R)
California,2017,Mar,62.2,59.1,19134439(R),18173987(R),960452(R),5.0(R)
California,2017,Apr,62.2,59.1,19150981(R),18203726(R),947255(R),4.9(R)
California,2017,May,62.2,59.2,19168420(R),18232933(R),935487(R),4.9(R)
California,2017,Jun,62.3,59.3,19185241(R),18260479(R),924762(R),4.8(R)
California,2017,Jul,62.3,59.3,19200581(R),18285677(R),914904(R),4.8(R)
California,2017,Aug,62.3,59.3,19210386(R),18306843(R),903543(R),4.7(R)
California,2017,Sep,62.3,59.4,19213079(R),18323455(R),889624(R),4.6(R)
California,2017,Oct,62.2,59.4,19210520(R),18336244(R),874276(R),4.6(R)
California,2017,Nov,62.2,59.4,19204927(R),18344984(R),859943(R),4.5(R)
California,2017,Dec,62.1,59.4,19200661(R),18353112(R),847549(R),4.4(R)
California,2018,Jan,62.1,59.4,19203648(R),18364857(R),838791(R),4.4(R)
California,2018,Feb,62.1,59.4,19217455(R),18383340(R),834115(R),4.3(R)
California,2018,Mar,62.2,59.5,19238651(R),18407492(R),831159(R),4.3(R)
California,2018,Apr,62.2,59.5,19257356(R),18430112(R),827244(R),4.3(R)
California,2018,May,62.2,59.6,19268241(R),18446042(R),822199(R),4.3(R)
California,2018,Jun,62.2,59.6,19273397(R),18457360(R),816037(R),4.2(R)
California,2018,Jul,62.2,59.6,19276424(R),18467125(R),809299(R),4.2(R)
California,2018,Aug,62.2,59.6,19284439(R),18478793(R),805646(R),4.2(R)
California,2018,Sep,62.2,59.6,19301370(R),18494446(R),806924(R),4.2(R)
California,2018,Oct,62.3,59.7,19326217(R),18513320(R),812897(R),4.2(R)
California,2018,Nov,62.4,59.7,19353831(R),18532420(R),821411(R),4.2(R)
California,2018,Dec,62.4,59.7,19375276(R),18546310(R),828966(R),4.3(R)
Colorado,2017,Jan,67.3,65.4,2935360(R),2853461(R),81899(R),2.8(R)
Colorado,2017,Feb,67.4,65.6,2943654(R),2863479(R),80175(R),2.7(R)
Colorado,2017,Mar,67.5,65.7,2952715(R),2873408(R),79307(R),2.7(R)
Colorado,2017,Apr,67.7,65.9,2962529(R),2883199(R),79330(R),2.7(R)
Colorado,2017,May,67.8,66,2972877(R),2892795(R),80082(R),2.7(R)
Colorado,2017,Jun,68,66.1,2983375(R),2901893(R),81482(R),2.7(R)
Colorado,2017,Jul,68.1,66.2,2993700(R),2910350(R),83350(R),2.8(R)
Colorado,2017,Aug,68.2,66.3,3003207(R),2918071(R),85136(R),2.8(R)
Colorado,2017,Sep,68.3,66.3,3011552(R),2925074(R),86478(R),2.9(R)
Colorado,2017,Oct,68.3,66.4,3018886(R),2931437(R),87449(R),2.9(R)
Colorado,2017,Nov,68.4,66.4,3025601(R),2937284(R),88317(R),2.9(R)
Colorado,2017,Dec,68.5,66.4,3032321(R),2943243(R),89078(R),2.9(R)
Colorado,2018,Jan,68.5,66.5,3039756(R),2949910(R),89846(R),3.0(R)
Colorado,2018,Feb,68.6,66.6,3048319(R),2957429(R),90890(R),3.0(R)
Colorado,2018,Mar,68.7,66.7,3057607(R),2965268(R),92339(R),3.0(R)
Colorado,2018,Apr,68.8,66.7,3066430(R),2972306(R),94124(R),3.1(R)
Colorado,2018,May,68.9,66.8,3073935(R),2977908(R),96027(R),3.1(R)
Colorado,2018,Jun,68.9,66.8,3080217(R),2982461(R),97756(R),3.2(R)
Colorado,2018,Jul,69,66.7,3085673(R),2986530(R),99143(R),3.2(R)
Colorado,2018,Aug,69,66.7,3091101(R),2990761(R),100340(R),3.2(R)
Colorado,2018,Sep,69,66.8,3096967(R),2995718(R),101249(R),3.3(R)
Colorado,2018,Oct,69,66.8,3103165(R),3001544(R),101621(R),3.3(R)
Colorado,2018,Nov,69.1,66.8,3109154(R),3007826(R),101328(R),3.3(R)
Colorado,2018,Dec,69.1,66.9,3114211(R),3013869(R),100342(R),3.2(R)
Connecticut,2017,Jan,66.2,63,1903526(R),1811745(R),91781(R),4.8(R)
Connecticut,2017,Feb,66.3,63.1,1905362(R),1813502(R),91860(R),4.8(R)
Connecticut,2017,Mar,66.3,63.1,1905939(R),1814156(R),91783(R),4.8(R)
Connecticut,2017,Apr,66.2,63.1,1905002(R),1813667(R),91335(R),4.8(R)
Connecticut,2017,May,66.2,63,1902767(R),1812276(R),90491(R),4.8(R)
Connecticut,2017,Jun,66,62.9,1899739(R),1810231(R),89508(R),4.7(R)
Connecticut,2017,Jul,65.9,62.8,1896542(R),1807896(R),88646(R),4.7(R)
Connecticut,2017,Aug,65.8,62.7,1893535(R),1805569(R),87966(R),4.6(R)
Connecticut,2017,Sep,65.7,62.7,1891058(R),1803573(R),87485(R),4.6(R)
Connecticut,2017,Oct,65.6,62.6,1889371(R),1802204(R),87167(R),4.6(R)
Connecticut,2017,Nov,65.6,62.6,1888351(R),1801515(R),86836(R),4.6(R)
Connecticut,2017,Dec,65.6,62.6,1887951(R),1801694(R),86257(R),4.6(R)
Connecticut,2018,Jan,65.6,62.6,1888333(R),1802920(R),85413(R),4.5(R)
Connecticut,2018,Feb,65.6,62.7,1889624(R),1805271(R),84353(R),4.5(R)
Connecticut,2018,Mar,65.7,62.8,1891731(R),1808623(R),83108(R),4.4(R)
Connecticut,2018,Apr,65.7,62.9,1894234(R),1812494(R),81740(R),4.3(R)
Connecticut,2018,May,65.8,63,1896821(R),1816459(R),80362(R),4.2(R)
Connecticut,2018,Jun,65.9,63.2,1899539(R),1820549(R),78990(R),4.2(R)
Connecticut,2018,Jul,66,63.3,1902384(R),1824743(R),77641(R),4.1(R)
Connecticut,2018,Aug,66.1,63.4,1905267(R),1828804(R),76463(R),4.0(R)
Connecticut,2018,Sep,66.2,63.5,1907801(R),1832288(R),75513(R),4.0(R)
Connecticut,2018,Oct,66.2,63.6,1909496(R),1834684(R),74812(R),3.9(R)
Connecticut,2018,Nov,66.2,63.7,1909960(R),1835758(R),74202(R),3.9(R)
Connecticut,2018,Dec,66.2,63.6,1908987(R),1835491(R),73496(R),3.9(R)
Delaware,2017,Jan,62.4,59.6,473437(R),451676(R),21761(R),4.6(R)
Delaware,2017,Feb,62.5,59.6,474041(R),452188(R),21853(R),4.6(R)
Delaware,2017,Mar,62.5,59.6,474607(R),452714(R),21893(R),4.6(R)
Delaware,2017,Apr,62.5,59.7,475140(R),453265(R),21875(R),4.6(R)
Delaware,2017,May,62.5,59.7,475650(R),453866(R),21784(R),4.6(R)
Delaware,2017,Jun,62.6,59.7,476148(R),454517(R),21631(R),4.5(R)
Delaware,2017,Jul,62.6,59.8,476641(R),455201(R),21440(R),4.5(R)
Delaware,2017,Aug,62.6,59.8,477114(R),455884(R),21230(R),4.4(R)
Delaware,2017,Sep,62.6,59.8,477547(R),456544(R),21003(R),4.4(R)
Delaware,2017,Oct,62.5,59.8,477946(R),457190(R),20756(R),4.3(R)
Delaware,2017,Nov,62.5,59.9,478329(R),457847(R),20482(R),4.3(R)
Delaware,2017,Dec,62.5,59.9,478746(R),458573(R),20173(R),4.2(R)
Delaware,2018,Jan,62.5,60,479247(R),459416(R),19831(R),4.1(R)
Delaware,2018,Feb,62.6,60,479842(R),460368(R),19474(R),4.1(R)
Delaware,2018,Mar,62.6,60.1,480470(R),461344(R),19126(R),4.0(R)
Delaware,2018,Apr,62.6,60.2,481017(R),462207(R),18810(R),3.9(R)
Delaware,2018,May,62.6,60.2,481433(R),462894(R),18539(R),3.9(R)
Delaware,2018,Jun,62.6,60.2,481729(R),463440(R),18289(R),3.8(R)
Delaware,2018,Jul,62.6,60.2,481958(R),463926(R),18032(R),3.7(R)
Delaware,2018,Aug,62.5,60.2,482212(R),464441(R),17771(R),3.7(R)
Delaware,2018,Sep,62.5,60.3,482562(R),465046(R),17516(R),3.6(R)
Delaware,2018,Oct,62.5,60.3,483047(R),465754(R),17293(R),3.6(R)
Delaware,2018,Nov,62.5,60.3,483656(R),466524(R),17132(R),3.5(R)
Delaware,2018,Dec,62.6,60.4,484314(R),467252(R),17062(R),3.5(R)
District of Columbia,2017,Jan,70.3,66,398514(R),374473(R),24041(R),6.0(R)
District of Columbia,2017,Feb,70.3,66,399077(R),374887(R),24190(R),6.1(R)
District of Columbia,2017,Mar,70.3,66,399617(R),375233(R),24384(R),6.1(R)
District of Columbia,2017,Apr,70.4,66,400146(R),375563(R),24583(R),6.1(R)
District of Columbia,2017,May,70.4,66,400658(R),375913(R),24745(R),6.2(R)
District of Columbia,2017,Jun,70.4,66.1,401121(R),376292(R),24829(R),6.2(R)
District of Columbia,2017,Jul,70.4,66.1,401520(R),376715(R),24805(R),6.2(R)
District of Columbia,2017,Aug,70.4,66.1,401846(R),377197(R),24649(R),6.1(R)
District of Columbia,2017,Sep,70.4,66.2,402130(R),377757(R),24373(R),6.1(R)
District of Columbia,2017,Oct,70.4,66.2,402442(R),378403(R),24039(R),6.0(R)
District of Columbia,2017,Nov,70.4,66.3,402832(R),379105(R),23727(R),5.9(R)
District of Columbia,2017,Dec,70.5,66.4,403340(R),379846(R),23494(R),5.8(R)
District of Columbia,2018,Jan,70.6,66.5,403941(R),380575(R),23366(R),5.8(R)
District of Columbia,2018,Feb,70.6,66.6,404566(R),381242(R),23324(R),5.8(R)
District of Columbia,2018,Mar,70.7,66.6,405079(R),381752(R),23327(R),5.8(R)
District of Columbia,2018,Apr,70.7,66.6,405313(R),381999(R),23314(R),5.8(R)
District of Columbia,2018,May,70.6,66.6,405215(R),381984(R),23231(R),5.7(R)
District of Columbia,2018,Jun,70.5,66.5,404890(R),381819(R),23071(R),5.7(R)
District of Columbia,2018,Jul,70.4,66.4,404494(R),381633(R),22861(R),5.7(R)
District of Columbia,2018,Aug,70.3,66.4,404211(R),381505(R),22706(R),5.6(R)
District of Columbia,2018,Sep,70.3,66.3,404189(R),381492(R),22697(R),5.6(R)
District of Columbia,2018,Oct,70.3,66.3,404500(R),381661(R),22839(R),5.6(R)
District of Columbia,2018,Nov,70.4,66.4,405125(R),382053(R),23072(R),5.7(R)
District of Columbia,2018,Dec,70.5,66.4,405938(R),382620(R),23318(R),5.7(R)
Florida,2017,Jan,59.4,56.7,9973240(R),9517115(R),456125(R),4.6(R)
Florida,2017,Feb,59.5,56.8,10000028(R),9552058(R),447970(R),4.5(R)
Florida,2017,Mar,59.5,56.9,10024862(R),9584532(R),440330(R),4.4(R)
Florida,2017,Apr,59.6,57,10046850(R),9613039(R),433811(R),4.3(R)
Florida,2017,May,59.6,57.1,10064912(R),9636809(R),428103(R),4.3(R)
Florida,2017,Jun,59.6,57.1,10078216(R),9654802(R),423414(R),4.2(R)
Florida,2017,Jul,59.6,57.1,10087485(R),9667659(R),419826(R),4.2(R)
Florida,2017,Aug,59.5,57,10092485(R),9676162(R),416323(R),4.1(R)
Florida,2017,Sep,59.4,57,10094477(R),9682213(R),412264(R),4.1(R)
Florida,2017,Oct,59.4,57,10095930(R),9688120(R),407810(R),4.0(R)
Florida,2017,Nov,59.3,56.9,10097965(R),9694399(R),403566(R),4.0(R)
Florida,2017,Dec,59.2,56.9,10102103(R),9702948(R),399155(R),4.0(R)
Florida,2018,Jan,59.2,56.9,10110173(R),9715663(R),394510(R),3.9(R)
Florida,2018,Feb,59.2,56.9,10123101(R),9733243(R),389858(R),3.9(R)
Florida,2018,Mar,59.3,57,10138504(R),9753654(R),384850(R),3.8(R)
Florida,2018,Apr,59.3,57,10150992(R),9772198(R),378794(R),3.7(R)
Florida,2018,May,59.2,57.1,10158287(R),9786582(R),371705(R),3.7(R)
Florida,2018,Jun,59.2,57.1,10162862(R),9798986(R),363876(R),3.6(R)
Florida,2018,Jul,59.1,57.1,10167793(R),9811796(R),355997(R),3.5(R)
Florida,2018,Aug,59.1,57.1,10177203(R),9827109(R),350094(R),3.4(R)
Florida,2018,Sep,59.1,57.1,10192858(R),9845567(R),347291(R),3.4(R)
Florida,2018,Oct,59.2,57.2,10213136(R),9865690(R),347446(R),3.4(R)
Florida,2018,Nov,59.2,57.2,10234393(R),9885052(R),349341(R),3.4(R)
Florida,2018,Dec,59.3,57.3,10251451(R),9900101(R),351350(R),3.4(R)
Georgia,2017,Jan,62.9,59.6,4996271(R),4736145(R),260126(R),5.2(R)
Georgia,2017,Feb,63,59.8,5007182(R),4751931(R),255251(R),5.1(R)
Georgia,2017,Mar,63,59.9,5017944(R),4767674(R),250270(R),5.0(R)
Georgia,2017,Apr,63.1,60,5029137(R),4783506(R),245631(R),4.9(R)
Georgia,2017,May,63.2,60.2,5040587(R),4799555(R),241032(R),4.8(R)
Georgia,2017,Jun,63.2,60.3,5051610(R),4814938(R),236672(R),4.7(R)
Georgia,2017,Jul,63.3,60.4,5061746(R),4828823(R),232923(R),4.6(R)
Georgia,2017,Aug,63.3,60.5,5069767(R),4840222(R),229545(R),4.5(R)
Georgia,2017,Sep,63.3,60.5,5075111(R),4848794(R),226317(R),4.5(R)
Georgia,2017,Oct,63.3,60.5,5078141(R),4854838(R),223303(R),4.4(R)
Georgia,2017,Nov,63.3,60.5,5079195(R),4858501(R),220694(R),4.3(R)
Georgia,2017,Dec,63.2,60.5,5079132(R),4861087(R),218045(R),4.3(R)
Georgia,2018,Jan,63.1,60.5,5079500(R),4864151(R),215349(R),4.2(R)
Georgia,2018,Feb,63.1,60.5,5081503(R),4868724(R),212779(R),4.2(R)
Georgia,2018,Mar,63.1,60.5,5084498(R),4874374(R),210124(R),4.1(R)
Georgia,2018,Apr,63,60.5,5085773(R),4878845(R),206928(R),4.1(R)
Georgia,2018,May,62.9,60.4,5083973(R),4880642(R),203331(R),4.0(R)
Georgia,2018,Jun,62.8,60.4,5080086(R),4880535(R),199551(R),3.9(R)
Georgia,2018,Jul,62.7,60.3,5075575(R),4879741(R),195834(R),3.9(R)
Georgia,2018,Aug,62.6,60.2,5072981(R),4879769(R),193212(R),3.8(R)
Georgia,2018,Sep,62.5,60.2,5073808(R),4881688(R),192120(R),3.8(R)
Georgia,2018,Oct,62.5,60.1,5077828(R),4885507(R),192321(R),3.8(R)
Georgia,2018,Nov,62.5,60.1,5083564(R),4890498(R),193066(R),3.8(R)
Georgia,2018,Dec,62.5,60.1,5088671(R),4895143(R),193528(R),3.8(R)
Hawaii,2017,Jan,62.9,61.1,688024(R),669251(R),18773(R),2.7(R)
Hawaii,2017,Feb,62.9,61.2,687957(R),669537(R),18420(R),2.7(R)
Hawaii,2017,Mar,62.9,61.2,687625(R),669607(R),18018(R),2.6(R)
Hawaii,2017,Apr,62.8,61.2,686961(R),669390(R),17571(R),2.6(R)
Hawaii,2017,May,62.7,61.1,685965(R),668886(R),17079(R),2.5(R)
Hawaii,2017,Jun,62.6,61.1,684689(R),668120(R),16569(R),2.4(R)
Hawaii,2017,Jul,62.5,61,683294(R),667191(R),16103(R),2.4(R)
Hawaii,2017,Aug,62.4,60.9,681950(R),666235(R),15715(R),2.3(R)
Hawaii,2017,Sep,62.2,60.8,680790(R),665358(R),15432(R),2.3(R)
Hawaii,2017,Oct,62.2,60.8,679933(R),664648(R),15285(R),2.2(R)
Hawaii,2017,Nov,62.1,60.7,679401(R),664138(R),15263(R),2.2(R)
Hawaii,2017,Dec,62.1,60.7,679141(R),663827(R),15314(R),2.3(R)
Hawaii,2018,Jan,62.1,60.7,679065(R),663660(R),15405(R),2.3(R)
Hawaii,2018,Feb,62.1,60.7,679046(R),663511(R),15535(R),2.3(R)
Hawaii,2018,Mar,62.1,60.7,678937(R),663231(R),15706(R),2.3(R)
Hawaii,2018,Apr,62.1,60.6,678570(R),662636(R),15934(R),2.3(R)
Hawaii,2018,May,62,60.5,677814(R),661581(R),16233(R),2.4(R)
Hawaii,2018,Jun,61.9,60.4,676721(R),660105(R),16616(R),2.5(R)
Hawaii,2018,Jul,61.8,60.2,675415(R),658357(R),17058(R),2.5(R)
Hawaii,2018,Aug,61.7,60.1,674009(R),656498(R),17511(R),2.6(R)
Hawaii,2018,Sep,61.5,59.9,672600(R),654679(R),17921(R),2.7(R)
Hawaii,2018,Oct,61.4,59.8,671226(R),652992(R),18234(R),2.7(R)
Hawaii,2018,Nov,61.3,59.6,669859(R),651429(R),18430(R),2.8(R)
Hawaii,2018,Dec,61.2,59.5,668439(R),649931(R),18508(R),2.8(R)
Idaho,2017,Jan,63.9,61.7,823861(R),795361(R),28500(R),3.5(R)
Idaho,2017,Feb,63.9,61.7,825364(R),797354(R),28010(R),3.4(R)
Idaho,2017,Mar,63.9,61.7,827000(R),799434(R),27566(R),3.3(R)
Idaho,2017,Apr,63.9,61.8,828758(R),801577(R),27181(R),3.3(R)
Idaho,2017,May,63.9,61.8,830629(R),803777(R),26852(R),3.2(R)
Idaho,2017,Jun,63.9,61.9,832598(R),806006(R),26592(R),3.2(R)
Idaho,2017,Jul,63.9,61.9,834646(R),808241(R),26405(R),3.2(R)
Idaho,2017,Aug,64,62,836725(R),810455(R),26270(R),3.1(R)
Idaho,2017,Sep,64,62,838806(R),812653(R),26153(R),3.1(R)
Idaho,2017,Oct,64,62.1,840861(R),814841(R),26020(R),3.1(R)
Idaho,2017,Nov,64.1,62.1,842850(R),816978(R),25872(R),3.1(R)
Idaho,2017,Dec,64.1,62.1,844790(R),819073(R),25717(R),3.0(R)
Idaho,2018,Jan,64.1,62.2,846687(R),821121(R),25566(R),3.0(R)
Idaho,2018,Feb,64.1,62.2,848612(R),823187(R),25425(R),3.0(R)
Idaho,2018,Mar,64.2,62.3,850622(R),825346(R),25276(R),3.0(R)
Idaho,2018,Apr,64.2,62.3,852551(R),827456(R),25095(R),2.9(R)
Idaho,2018,May,64.2,62.3,854298(R),829419(R),24879(R),2.9(R)
Idaho,2018,Jun,64.2,62.4,855962(R),831309(R),24653(R),2.9(R)
Idaho,2018,Jul,64.2,62.4,857660(R),833198(R),24462(R),2.9(R)
Idaho,2018,Aug,64.2,62.4,859529(R),835142(R),24387(R),2.8(R)
Idaho,2018,Sep,64.2,62.4,861621(R),837146(R),24475(R),2.8(R)
Idaho,2018,Oct,64.3,62.4,863878(R),839163(R),24715(R),2.9(R)
Idaho,2018,Nov,64.3,62.4,866195(R),841160(R),25035(R),2.9(R)
Idaho,2018,Dec,64.3,62.5,868468(R),843121(R),25347(R),2.9(R)
Illinois,2017,Jan,64.5,61.2,6484711(R),6143987(R),340724(R),5.3(R)
Illinois,2017,Feb,64.5,61.2,6478255(R),6146694(R),331561(R),5.1(R)
Illinois,2017,Mar,64.5,61.2,6473705(R),6149056(R),324649(R),5.0(R)
Illinois,2017,Apr,64.4,61.3,6472076(R),6151235(R),320841(R),5.0(R)
Illinois,2017,May,64.5,61.3,6473346(R),6153887(R),319459(R),4.9(R)
Illinois,2017,Jun,64.5,61.3,6476716(R),6156853(R),319863(R),4.9(R)
Illinois,2017,Jul,64.6,61.4,6481304(R),6160307(R),320997(R),5.0(R)
Illinois,2017,Aug,64.6,61.4,6484128(R),6163798(R),320330(R),4.9(R)
Illinois,2017,Sep,64.6,61.4,6483625(R),6167026(R),316599(R),4.9(R)
Illinois,2017,Oct,64.6,61.5,6480390(R),6169955(R),310435(R),4.8(R)
Illinois,2017,Nov,64.5,61.5,6474985(R),6172027(R),302958(R),4.7(R)
Illinois,2017,Dec,64.5,61.5,6468743(R),6173887(R),294856(R),4.6(R)
Illinois,2018,Jan,64.4,61.6,6464113(R),6176211(R),287902(R),4.5(R)
Illinois,2018,Feb,64.5,61.6,6463085(R),6179396(R),283689(R),4.4(R)
Illinois,2018,Mar,64.5,61.7,6464625(R),6182845(R),281780(R),4.4(R)
Illinois,2018,Apr,64.5,61.7,6465232(R),6184640(R),280592(R),4.3(R)
Illinois,2018,May,64.5,61.7,6463579(R),6184058(R),279521(R),4.3(R)
Illinois,2018,Jun,64.5,61.7,6460591(R),6182634(R),277957(R),4.3(R)
Illinois,2018,Jul,64.5,61.7,6457531(R),6181715(R),275816(R),4.3(R)
Illinois,2018,Aug,64.5,61.7,6457071(R),6182617(R),274454(R),4.3(R)
Illinois,2018,Sep,64.5,61.8,6460176(R),6185692(R),274484(R),4.2(R)
Illinois,2018,Oct,64.6,61.8,6465769(R),6189695(R),276074(R),4.3(R)
Illinois,2018,Nov,64.6,61.8,6472201(R),6193166(R),279035(R),4.3(R)
Illinois,2018,Dec,64.7,61.9,6476504(R),6194343(R),282161(R),4.4(R)
Indiana,2017,Jan,64.3,61.8,3320158(R),3191055(R),129103(R),3.9(R)
Indiana,2017,Feb,64.3,61.9,3320973(R),3196536(R),124437(R),3.7(R)
Indiana,2017,Mar,64.3,62,3322744(R),3202420(R),120324(R),3.6(R)
Indiana,2017,Apr,64.4,62.1,3325547(R),3207896(R),117651(R),3.5(R)
Indiana,2017,May,64.4,62.1,3329235(R),3212573(R),116662(R),3.5(R)
Indiana,2017,Jun,64.5,62.2,3333454(R),3216178(R),117276(R),3.5(R)
Indiana,2017,Jul,64.5,62.2,3337942(R),3219150(R),118792(R),3.6(R)
Indiana,2017,Aug,64.5,62.2,3341454(R),3221814(R),119640(R),3.6(R)
Indiana,2017,Sep,64.5,62.2,3343190(R),3224415(R),118775(R),3.6(R)
Indiana,2017,Oct,64.5,62.2,3343693(R),3227318(R),116375(R),3.5(R)
Indiana,2017,Nov,64.5,62.3,3344001(R),3230467(R),113534(R),3.4(R)
Indiana,2017,Dec,64.5,62.3,3345485(R),3234218(R),111267(R),3.3(R)
Indiana,2018,Jan,64.5,62.4,3349616(R),3238977(R),110639(R),3.3(R)
Indiana,2018,Feb,64.6,62.5,3357086(R),3244966(R),112120(R),3.3(R)
Indiana,2018,Mar,64.8,62.6,3366816(R),3251915(R),114901(R),3.4(R)
Indiana,2018,Apr,64.9,62.7,3375897(R),3258333(R),117564(R),3.5(R)
Indiana,2018,May,65,62.7,3382443(R),3263063(R),119380(R),3.5(R)
Indiana,2018,Jun,65,62.7,3386296(R),3266249(R),120047(R),3.5(R)
Indiana,2018,Jul,65,62.7,3387859(R),3268182(R),119677(R),3.5(R)
Indiana,2018,Aug,65,62.7,3389067(R),3269817(R),119250(R),3.5(R)
Indiana,2018,Sep,65,62.7,3391666(R),3272316(R),119350(R),3.5(R)
Indiana,2018,Oct,65,62.7,3395964(R),3275878(R),120086(R),3.5(R)
Indiana,2018,Nov,65.1,62.8,3401009(R),3279775(R),121234(R),3.6(R)
Indiana,2018,Dec,65.1,62.8,3404551(R),3282427(R),122124(R),3.6(R)
Iowa,2017,Jan,68.5,66.1,1674974(R),1618128(R),56846(R),3.4(R)
Iowa,2017,Feb,68.4,66.1,1673335(R),1617568(R),55767(R),3.3(R)
Iowa,2017,Mar,68.3,66.1,1672548(R),1617761(R),54787(R),3.3(R)
Iowa,2017,Apr,68.3,66.1,1672630(R),1618631(R),53999(R),3.2(R)
Iowa,2017,May,68.3,66.1,1673258(R),1619914(R),53344(R),3.2(R)
Iowa,2017,Jun,68.3,66.2,1673834(R),1621084(R),52750(R),3.2(R)
Iowa,2017,Jul,68.3,66.2,1673930(R),1621789(R),52141(R),3.1(R)
Iowa,2017,Aug,68.2,66.1,1673330(R),1621979(R),51351(R),3.1(R)
Iowa,2017,Sep,68.2,66.1,1672334(R),1621984(R),50350(R),3.0(R)
Iowa,2017,Oct,68.1,66.1,1671496(R),1622236(R),49260(R),2.9(R)
Iowa,2017,Nov,68.1,66.1,1671300(R),1623003(R),48297(R),2.9(R)
Iowa,2017,Dec,68.1,66.2,1672136(R),1624632(R),47504(R),2.8(R)
Iowa,2018,Jan,68.2,66.3,1674204(R),1627347(R),46857(R),2.8(R)
Iowa,2018,Feb,68.3,66.4,1677313(R),1630983(R),46330(R),2.8(R)
Iowa,2018,Mar,68.4,66.6,1680761(R),1634987(R),45774(R),2.7(R)
Iowa,2018,Apr,68.5,66.7,1683698(R),1638661(R),45037(R),2.7(R)
Iowa,2018,May,68.6,66.8,1685939(R),1641741(R),44198(R),2.6(R)
Iowa,2018,Jun,68.7,66.9,1687908(R),1644528(R),43380(R),2.6(R)
Iowa,2018,Jul,68.7,67,1690078(R),1647349(R),42729(R),2.5(R)
Iowa,2018,Aug,68.8,67.1,1692987(R),1650533(R),42454(R),2.5(R)
Iowa,2018,Sep,68.9,67.2,1696884(R),1654354(R),42530(R),2.5(R)
Iowa,2018,Oct,69.1,67.4,1701781(R),1658789(R),42992(R),2.5(R)
Iowa,2018,Nov,69.3,67.5,1707325(R),1663548(R),43777(R),2.6(R)
Iowa,2018,Dec,69.5,67.7,1712768(R),1668076(R),44692(R),2.6(R)
Kansas,2017,Jan,66.7,64.1,1477592(R),1420459(R),57133(R),3.9(R)
Kansas,2017,Feb,66.7,64.1,1476730(R),1420853(R),55877(R),3.8(R)
Kansas,2017,Mar,66.6,64.2,1476127(R),1421191(R),54936(R),3.7(R)
Kansas,2017,Apr,66.6,64.2,1475989(R),1421563(R),54426(R),3.7(R)
Kansas,2017,May,66.6,64.2,1476241(R),1422035(R),54206(R),3.7(R)
Kansas,2017,Jun,66.7,64.2,1476626(R),1422543(R),54083(R),3.7(R)
Kansas,2017,Jul,66.7,64.2,1476897(R),1422992(R),53905(R),3.6(R)
Kansas,2017,Aug,66.6,64.2,1476793(R),1423257(R),53536(R),3.6(R)
Kansas,2017,Sep,66.6,64.2,1476276(R),1423318(R),52958(R),3.6(R)
Kansas,2017,Oct,66.5,64.2,1475509(R),1423215(R),52294(R),3.5(R)
Kansas,2017,Nov,66.5,64.2,1474727(R),1423062(R),51665(R),3.5(R)
Kansas,2017,Dec,66.4,64.1,1474241(R),1423163(R),51078(R),3.5(R)
Kansas,2018,Jan,66.4,64.2,1474306(R),1423709(R),50597(R),3.4(R)
Kansas,2018,Feb,66.5,64.2,1474952(R),1424710(R),50242(R),3.4(R)
Kansas,2018,Mar,66.5,64.2,1475864(R),1426026(R),49838(R),3.4(R)
Kansas,2018,Apr,66.5,64.3,1476613(R),1427356(R),49257(R),3.3(R)
Kansas,2018,May,66.5,64.3,1477087(R),1428461(R),48626(R),3.3(R)
Kansas,2018,Jun,66.5,64.4,1477419(R),1429382(R),48037(R),3.3(R)
Kansas,2018,Jul,66.5,64.4,1477726(R),1430171(R),47555(R),3.2(R)
Kansas,2018,Aug,66.5,64.4,1478246(R),1430900(R),47346(R),3.2(R)
Kansas,2018,Sep,66.5,64.4,1479031(R),1431594(R),47437(R),3.2(R)
Kansas,2018,Oct,66.5,64.4,1479965(R),1432197(R),47768(R),3.2(R)
Kansas,2018,Nov,66.5,64.4,1480850(R),1432676(R),48174(R),3.3(R)
Kansas,2018,Dec,66.6,64.4,1481477(R),1433006(R),48471(R),3.3(R)
Kentucky,2017,Jan,58.9,55.9,2042918(R),1936729(R),106189(R),5.2(R)
Kentucky,2017,Feb,59,56,2046620(R),1940603(R),106017(R),5.2(R)
Kentucky,2017,Mar,59.1,56,2049770(R),1944029(R),105741(R),5.2(R)
Kentucky,2017,Apr,59.1,56.1,2052310(R),1947010(R),105300(R),5.1(R)
Kentucky,2017,May,59.2,56.2,2054272(R),1949791(R),104481(R),5.1(R)
Kentucky,2017,Jun,59.2,56.2,2055675(R),1952394(R),103281(R),5.0(R)
Kentucky,2017,Jul,59.2,56.3,2056677(R),1954955(R),101722(R),4.9(R)
Kentucky,2017,Aug,59.2,56.3,2056964(R),1957375(R),99589(R),4.8(R)
Kentucky,2017,Sep,59.1,56.4,2056448(R),1959496(R),96952(R),4.7(R)
Kentucky,2017,Oct,59.1,56.4,2055337(R),1961150(R),94187(R),4.6(R)
Kentucky,2017,Nov,59,56.4,2053900(R),1962173(R),91727(R),4.5(R)
Kentucky,2017,Dec,59,56.4,2052740(R),1962812(R),89928(R),4.4(R)
Kentucky,2018,Jan,59,56.4,2052556(R),1963545(R),89011(R),4.3(R)
Kentucky,2018,Feb,59,56.5,2053707(R),1964826(R),88881(R),4.3(R)
Kentucky,2018,Mar,59.1,56.5,2055810(R),1966703(R),89107(R),4.3(R)
Kentucky,2018,Apr,59.1,56.5,2057822(R),1968419(R),89403(R),4.3(R)
Kentucky,2018,May,59.1,56.6,2058987(R),1969243(R),89744(R),4.4(R)
Kentucky,2018,Jun,59.1,56.5,2059249(R),1969330(R),89919(R),4.4(R)
Kentucky,2018,Jul,59.1,56.5,2058845(R),1969006(R),89839(R),4.4(R)
Kentucky,2018,Aug,59.1,56.5,2058438(R),1968800(R),89638(R),4.4(R)
Kentucky,2018,Sep,59,56.5,2058455(R),1969164(R),89291(R),4.3(R)
Kentucky,2018,Oct,59,56.5,2058983(R),1970167(R),88816(R),4.3(R)
Kentucky,2018,Nov,59,56.5,2059935(R),1971621(R),88314(R),4.3(R)
Kentucky,2018,Dec,59.1,56.5,2060868(R),1973067(R),87801(R),4.3(R)
Louisiana,2017,Jan,58.6,55.2,2102045(R),1980236(R),121809(R),5.8(R)
Louisiana,2017,Feb,58.6,55.3,2101611(R),1982282(R),119329(R),5.7(R)
Louisiana,2017,Mar,58.6,55.4,2101300(R),1984718(R),116582(R),5.5(R)
Louisiana,2017,Apr,58.6,55.5,2101151(R),1987448(R),113703(R),5.4(R)
Louisiana,2017,May,58.6,55.6,2101066(R),1990432(R),110634(R),5.3(R)
Louisiana,2017,Jun,58.7,55.6,2101283(R),1993636(R),107647(R),5.1(R)
Louisiana,2017,Jul,58.7,55.7,2102143(R),1997121(R),105022(R),5.0(R)
Louisiana,2017,Aug,58.7,55.8,2103425(R),2000746(R),102679(R),4.9(R)
Louisiana,2017,Sep,58.7,55.9,2104598(R),2004011(R),100587(R),4.8(R)
Louisiana,2017,Oct,58.8,56,2105373(R),2006482(R),98891(R),4.7(R)
Louisiana,2017,Nov,58.8,56,2105777(R),2007922(R),97855(R),4.6(R)
Louisiana,2017,Dec,58.8,56.1,2105982(R),2008419(R),97563(R),4.6(R)
Louisiana,2018,Jan,58.8,56.1,2106452(R),2008150(R),98302(R),4.7(R)
Louisiana,2018,Feb,58.8,56,2107557(R),2007428(R),100129(R),4.8(R)
Louisiana,2018,Mar,58.9,56,2108976(R),2006500(R),102476(R),4.9(R)
Louisiana,2018,Apr,58.9,56,2109591(R),2005076(R),104515(R),5.0(R)
Louisiana,2018,May,58.9,55.9,2108905(R),2003101(R),105804(R),5.0(R)
Louisiana,2018,Jun,58.9,55.9,2107173(R),2001127(R),106046(R),5.0(R)
Louisiana,2018,Jul,58.8,55.8,2104700(R),1999524(R),105176(R),5.0(R)
Louisiana,2018,Aug,58.7,55.8,2102370(R),1998536(R),103834(R),4.9(R)
Louisiana,2018,Sep,58.7,55.8,2100951(R),1998331(R),102620(R),4.9(R)
Louisiana,2018,Oct,58.7,55.8,2100385(R),1998691(R),101694(R),4.8(R)
Louisiana,2018,Nov,58.7,55.8,2100030(R),1999216(R),100814(R),4.8(R)
Louisiana,2018,Dec,58.6,55.9,2099173(R),1999486(R),99687(R),4.7(R)
Maine,2017,Jan,63.6,61.3,697362(R),672583(R),24779(R),3.6(R)
Maine,2017,Feb,63.6,61.4,697622(R),673093(R),24529(R),3.5(R)
Maine,2017,Mar,63.6,61.4,697763(R),673414(R),24349(R),3.5(R)
Maine,2017,Apr,63.6,61.4,697864(R),673642(R),24222(R),3.5(R)
Maine,2017,May,63.6,61.4,697957(R),673861(R),24096(R),3.5(R)
Maine,2017,Jun,63.5,61.4,697997(R),674071(R),23926(R),3.4(R)
Maine,2017,Jul,63.5,61.4,697961(R),674279(R),23682(R),3.4(R)
Maine,2017,Aug,63.5,61.3,697809(R),674464(R),23345(R),3.3(R)
Maine,2017,Sep,63.4,61.3,697541(R),674605(R),22936(R),3.3(R)
Maine,2017,Oct,63.3,61.3,697219(R),674703(R),22516(R),3.2(R)
Maine,2017,Nov,63.3,61.3,696903(R),674744(R),22159(R),3.2(R)
Maine,2017,Dec,63.3,61.3,696687(R),674776(R),21911(R),3.1(R)
Maine,2018,Jan,63.2,61.3,696632(R),674833(R),21799(R),3.1(R)
Maine,2018,Feb,63.2,61.2,696733(R),674892(R),21841(R),3.1(R)
Maine,2018,Mar,63.2,61.2,696866(R),674850(R),22016(R),3.2(R)
Maine,2018,Apr,63.2,61.2,696824(R),674557(R),22267(R),3.2(R)
Maine,2018,May,63.1,61.1,696527(R),673995(R),22532(R),3.2(R)
Maine,2018,Jun,63.1,61,696051(R),673302(R),22749(R),3.3(R)
Maine,2018,Jul,63,60.9,695495(R),672617(R),22878(R),3.3(R)
Maine,2018,Aug,62.9,60.8,695006(R),672071(R),22935(R),3.3(R)
Maine,2018,Sep,62.8,60.8,694698(R),671758(R),22940(R),3.3(R)
Maine,2018,Oct,62.8,60.7,694573(R),671666(R),22907(R),3.3(R)
Maine,2018,Nov,62.8,60.7,694538(R),671695(R),22843(R),3.3(R)
Maine,2018,Dec,62.7,60.7,694432(R),671694(R),22738(R),3.3(R)
Maryland,2017,Jan,67.6,64.6,3192342(R),3053498(R),138844(R),4.3(R)
Maryland,2017,Feb,67.6,64.7,3195617(R),3057764(R),137853(R),4.3(R)
Maryland,2017,Mar,67.7,64.8,3198457(R),3061471(R),136986(R),4.3(R)
Maryland,2017,Apr,67.7,64.8,3200983(R),3064767(R),136216(R),4.3(R)
Maryland,2017,May,67.7,64.9,3203310(R),3067910(R),135400(R),4.2(R)
Maryland,2017,Jun,67.7,64.9,3205514(R),3070819(R),134695(R),4.2(R)
Maryland,2017,Jul,67.8,64.9,3207616(R),3073260(R),134356(R),4.2(R)
Maryland,2017,Aug,67.8,64.9,3209188(R),3074875(R),134313(R),4.2(R)
Maryland,2017,Sep,67.8,64.9,3210100(R),3075642(R),134458(R),4.2(R)
Maryland,2017,Oct,67.7,64.9,3210572(R),3075870(R),134702(R),4.2(R)
Maryland,2017,Nov,67.7,64.9,3210715(R),3075849(R),134866(R),4.2(R)
Maryland,2017,Dec,67.7,64.9,3210795(R),3076150(R),134645(R),4.2(R)
Maryland,2018,Jan,67.7,64.9,3211332(R),3077302(R),134030(R),4.2(R)
Maryland,2018,Feb,67.7,64.9,3212769(R),3079632(R),133137(R),4.1(R)
Maryland,2018,Mar,67.8,65,3215039(R),3082972(R),132067(R),4.1(R)
Maryland,2018,Apr,67.8,65,3217255(R),3086407(R),130848(R),4.1(R)
Maryland,2018,May,67.8,65.1,3218813(R),3089248(R),129565(R),4.0(R)
Maryland,2018,Jun,67.8,65.1,3219749(R),3091687(R),128062(R),4.0(R)
Maryland,2018,Jul,67.8,65.2,3220397(R),3094189(R),126208(R),3.9(R)
Maryland,2018,Aug,67.8,65.2,3221740(R),3097316(R),124424(R),3.9(R)
Maryland,2018,Sep,67.9,65.3,3224397(R),3101348(R),123049(R),3.8(R)
Maryland,2018,Oct,67.9,65.3,3228414(R),3106182(R),122232(R),3.8(R)
Maryland,2018,Nov,68,65.4,3233406(R),3111513(R),121893(R),3.8(R)
Maryland,2018,Dec,68.1,65.5,3238549(R),3116742(R),121807(R),3.8(R)
Massachusetts,2017,Jan,65.7,63.3,3658490(R),3519862(R),138628(R),3.8(R)
Massachusetts,2017,Feb,65.8,63.3,3665221(R),3525821(R),139400(R),3.8(R)
Massachusetts,2017,Mar,65.9,63.4,3671099(R),3531228(R),139871(R),3.8(R)
Massachusetts,2017,Apr,66,63.4,3676244(R),3536178(R),140066(R),3.8(R)
Massachusetts,2017,May,66,63.5,3680990(R),3541090(R),139900(R),3.8(R)
Massachusetts,2017,Jun,66,63.5,3685642(R),3546165(R),139477(R),3.8(R)
Massachusetts,2017,Jul,66.1,63.6,3690606(R),3551639(R),138967(R),3.8(R)
Massachusetts,2017,Aug,66.1,63.7,3695906(R),3557650(R),138256(R),3.7(R)
Massachusetts,2017,Sep,66.2,63.8,3701711(R),3564432(R),137279(R),3.7(R)
Massachusetts,2017,Oct,66.3,63.9,3708326(R),3572182(R),136144(R),3.7(R)
Massachusetts,2017,Nov,66.4,64,3716022(R),3580888(R),135134(R),3.6(R)
Massachusetts,2017,Dec,66.5,64.1,3725250(R),3591029(R),134221(R),3.6(R)
Massachusetts,2018,Jan,66.7,64.3,3736286(R),3602886(R),133400(R),3.6(R)
Massachusetts,2018,Feb,66.9,64.6,3748938(R),3616193(R),132745(R),3.5(R)
Massachusetts,2018,Mar,67.1,64.8,3762067(R),3629933(R),132134(R),3.5(R)
Massachusetts,2018,Apr,67.3,65,3773854(R),3642519(R),131335(R),3.5(R)
Massachusetts,2018,May,67.5,65.1,3783261(R),3652972(R),130289(R),3.4(R)
Massachusetts,2018,Jun,67.5,65.3,3790370(R),3661467(R),128903(R),3.4(R)
Massachusetts,2018,Jul,67.6,65.3,3795629(R),3668492(R),127137(R),3.3(R)
Massachusetts,2018,Aug,67.7,65.4,3800026(R),3674675(R),125351(R),3.3(R)
Massachusetts,2018,Sep,67.7,65.5,3804087(R),3680361(R),123726(R),3.3(R)
Massachusetts,2018,Oct,67.7,65.6,3807636(R),3685380(R),122256(R),3.2(R)
Massachusetts,2018,Nov,67.8,65.6,3810080(R),3689148(R),120932(R),3.2(R)
Massachusetts,2018,Dec,67.8,65.6,3810634(R),3690899(R),119735(R),3.1(R)
Michigan,2017,Jan,61.4,58.4,4872537(R),4634443(R),238094(R),4.9(R)
Michigan,2017,Feb,61.4,58.5,4871666(R),4641291(R),230375(R),4.7(R)
Michigan,2017,Mar,61.3,58.5,4870707(R),4647704(R),223003(R),4.6(R)
Michigan,2017,Apr,61.3,58.6,4871408(R),4653371(R),218037(R),4.5(R)
Michigan,2017,May,61.4,58.6,4874830(R),4658487(R),216343(R),4.4(R)
Michigan,2017,Jun,61.4,58.7,4880622(R),4662760(R),217862(R),4.5(R)
Michigan,2017,Jul,61.5,58.7,4887810(R),4665932(R),221878(R),4.5(R)
Michigan,2017,Aug,61.5,58.7,4893887(R),4667621(R),226266(R),4.6(R)
Michigan,2017,Sep,61.5,58.7,4896914(R),4668084(R),228830(R),4.7(R)
Michigan,2017,Oct,61.5,58.6,4896847(R),4668169(R),228678(R),4.7(R)
Michigan,2017,Nov,61.5,58.6,4894842(R),4668314(R),226528(R),4.6(R)
Michigan,2017,Dec,61.4,58.6,4892769(R),4669708(R),223061(R),4.6(R)
Michigan,2018,Jan,61.4,58.7,4893013(R),4673543(R),219470(R),4.5(R)
Michigan,2018,Feb,61.5,58.7,4896797(R),4680362(R),216435(R),4.4(R)
Michigan,2018,Mar,61.5,58.8,4902556(R),4689149(R),213407(R),4.4(R)
Michigan,2018,Apr,61.6,58.9,4906354(R),4696814(R),209540(R),4.3(R)
Michigan,2018,May,61.6,59,4906591(R),4701549(R),205042(R),4.2(R)
Michigan,2018,Jun,61.5,59,4904788(R),4704304(R),200484(R),4.1(R)
Michigan,2018,Jul,61.5,59,4902784(R),4706636(R),196148(R),4.0(R)
Michigan,2018,Aug,61.5,59,4903662(R),4710140(R),193522(R),3.9(R)
Michigan,2018,Sep,61.5,59.1,4908817(R),4715487(R),193330(R),3.9(R)
Michigan,2018,Oct,61.6,59.1,4917430(R),4722041(R),195389(R),4.0(R)
Michigan,2018,Nov,61.7,59.2,4927529(R),4728438(R),199091(R),4.0(R)
Michigan,2018,Dec,61.8,59.3,4936053(R),4732540(R),203513(R),4.1(R)
Minesota,2017,Jan,70.3,67.6,3048278(R),2933511(R),114767(R),3.8(R)
Minesota,2017,Feb,70.3,67.7,3049745(R),2938220(R),111525(R),3.7(R)
Minesota,2017,Mar,70.3,67.8,3051441(R),2942677(R),108764(R),3.6(R)
Minesota,2017,Apr,70.3,67.8,3053567(R),2946664(R),106903(R),3.5(R)
Minesota,2017,May,70.3,67.8,3055914(R),2950324(R),105590(R),3.5(R)
Minesota,2017,Jun,70.3,67.9,3058239(R),2953742(R),104497(R),3.4(R)
Minesota,2017,Jul,70.3,67.9,3060454(R),2956931(R),103523(R),3.4(R)
Minesota,2017,Aug,70.2,67.9,3061889(R),2959715(R),102174(R),3.3(R)
Minesota,2017,Sep,70.2,67.9,3062333(R),2962056(R),100277(R),3.3(R)
Minesota,2017,Oct,70.1,67.9,3062047(R),2964049(R),97998(R),3.2(R)
Minesota,2017,Nov,70.1,67.9,3061481(R),2965577(R),95904(R),3.1(R)
Minesota,2017,Dec,70,67.9,3061162(R),2966934(R),94228(R),3.1(R)
Minesota,2018,Jan,70,67.9,3061622(R),2968564(R),93058(R),3.0(R)
Minesota,2018,Feb,70,67.9,3063130(R),2970767(R),92363(R),3.0(R)
Minesota,2018,Mar,70,67.9,3065197(R),2973525(R),91672(R),3.0(R)
Minesota,2018,Apr,70,67.9,3066759(R),2976186(R),90573(R),3.0(R)
Minesota,2018,May,70,67.9,3067566(R),2978174(R),89392(R),2.9(R)
Minesota,2018,Jun,69.9,67.9,3067978(R),2979644(R),88334(R),2.9(R)
Minesota,2018,Jul,69.9,67.9,3068467(R),2981142(R),87325(R),2.8(R)
Minesota,2018,Aug,69.9,67.9,3070293(R),2983142(R),87151(R),2.8(R)
Minesota,2018,Sep,69.9,67.9,3073942(R),2985670(R),88272(R),2.9(R)
Minesota,2018,Oct,70,67.9,3079042(R),2988502(R),90540(R),2.9(R)
Minesota,2018,Nov,70,67.9,3084727(R),2991361(R),93366(R),3.0(R)
Minesota,2018,Dec,70.1,67.9,3089750(R),2993761(R),95989(R),3.1(R)
Mississippi,2017,Jan,56,53,1280467(R),1211585(R),68882(R),5.4(R)
Mississippi,2017,Feb,56,53,1280290(R),1212402(R),67888(R),5.3(R)
Mississippi,2017,Mar,56,53,1279940(R),1212873(R),67067(R),5.2(R)
Mississippi,2017,Apr,55.9,53,1279531(R),1213077(R),66454(R),5.2(R)
Mississippi,2017,May,55.9,53,1279058(R),1213124(R),65934(R),5.2(R)
Mississippi,2017,Jun,55.9,53,1278463(R),1213029(R),65434(R),5.1(R)
Mississippi,2017,Jul,55.8,53,1277866(R),1212939(R),64927(R),5.1(R)
Mississippi,2017,Aug,55.8,53,1277163(R),1212886(R),64277(R),5.0(R)
Mississippi,2017,Sep,55.8,53,1276188(R),1212687(R),63501(R),5.0(R)
Mississippi,2017,Oct,55.7,53,1274938(R),1212198(R),62740(R),4.9(R)
Mississippi,2017,Nov,55.6,52.9,1273531(R),1211370(R),62161(R),4.9(R)
Mississippi,2017,Dec,55.6,52.9,1272264(R),1210447(R),61817(R),4.9(R)
Mississippi,2018,Jan,55.6,52.9,1271479(R),1209764(R),61715(R),4.9(R)
Mississippi,2018,Feb,55.6,52.9,1271287(R),1209516(R),61771(R),4.9(R)
Mississippi,2018,Mar,55.6,52.9,1271440(R),1209652(R),61788(R),4.9(R)
Mississippi,2018,Apr,55.6,52.9,1271336(R),1209750(R),61586(R),4.8(R)
Mississippi,2018,May,55.6,52.9,1270625(R),1209444(R),61181(R),4.8(R)
Mississippi,2018,Jun,55.5,52.9,1269435(R),1208765(R),60670(R),4.8(R)
Mississippi,2018,Jul,55.5,52.9,1268013(R),1207788(R),60225(R),4.7(R)
Mississippi,2018,Aug,55.4,52.8,1266921(R),1206751(R),60170(R),4.7(R)
Mississippi,2018,Sep,55.4,52.8,1266590(R),1205948(R),60642(R),4.8(R)
Mississippi,2018,Oct,55.4,52.7,1267023(R),1205449(R),61574(R),4.9(R)
Mississippi,2018,Nov,55.4,52.7,1267932(R),1205127(R),62805(R),5.0(R)
Mississippi,2018,Dec,55.5,52.7,1268895(R),1204784(R),64111(R),5.1(R)
Missouri,2017,Jan,64.3,61.7,3064503(R),2938306(R),126197(R),4.1(R)
Missouri,2017,Feb,64.3,61.7,3062879(R),2941004(R),121875(R),4.0(R)
Missouri,2017,Mar,64.2,61.7,3062473(R),2943685(R),118788(R),3.9(R)
Missouri,2017,Apr,64.2,61.8,3063071(R),2946310(R),116761(R),3.8(R)
Missouri,2017,May,64.2,61.8,3064079(R),2948979(R),115100(R),3.8(R)
Missouri,2017,Jun,64.2,61.8,3064985(R),2951384(R),113601(R),3.7(R)
Missouri,2017,Jul,64.2,61.9,3065765(R),2953279(R),112486(R),3.7(R)
Missouri,2017,Aug,64.2,61.9,3065797(R),2954250(R),111547(R),3.6(R)
Missouri,2017,Sep,64.1,61.8,3064685(R),2954115(R),110570(R),3.6(R)
Missouri,2017,Oct,64.1,61.8,3062591(R),2953071(R),109520(R),3.6(R)
Missouri,2017,Nov,64,61.7,3059836(R),2951457(R),108379(R),3.5(R)
Missouri,2017,Dec,63.9,61.7,3056857(R),2950059(R),106798(R),3.5(R)
Missouri,2018,Jan,63.9,61.7,3054637(R),2949635(R),105002(R),3.4(R)
Missouri,2018,Feb,63.8,61.7,3054065(R),2950686(R),103379(R),3.4(R)
Missouri,2018,Mar,63.8,61.7,3054534(R),2952953(R),101581(R),3.3(R)
Missouri,2018,Apr,63.8,61.7,3054401(R),2955083(R),99318(R),3.3(R)
Missouri,2018,May,63.8,61.7,3053081(R),2956121(R),96960(R),3.2(R)
Missouri,2018,Jun,63.7,61.7,3050976(R),2956351(R),94625(R),3.1(R)
Missouri,2018,Jul,63.6,61.7,3048597(R),2956269(R),92328(R),3.0(R)
Missouri,2018,Aug,63.6,61.7,3047578(R),2956632(R),90946(R),3.0(R)
Missouri,2018,Sep,63.6,61.7,3049023(R),2957990(R),91033(R),3.0(R)
Missouri,2018,Oct,63.6,61.7,3052936(R),2960320(R),92616(R),3.0(R)
Missouri,2018,Nov,63.7,61.7,3058275(R),2963187(R),95088(R),3.1(R)
Missouri,2018,Dec,63.8,61.8,3063304(R),2965735(R),97569(R),3.2(R)
Montana,2017,Jan,63.2,60.7,523682(R),502819(R),20863(R),4.0(R)
Montana,2017,Feb,63.2,60.7,524142(R),503310(R),20832(R),4.0(R)
Montana,2017,Mar,63.2,60.7,524653(R),503847(R),20806(R),4.0(R)
Montana,2017,Apr,63.2,60.7,525152(R),504360(R),20792(R),4.0(R)
Montana,2017,May,63.2,60.7,525591(R),504808(R),20783(R),4.0(R)
Montana,2017,Jun,63.2,60.7,525939(R),505142(R),20797(R),4.0(R)
Montana,2017,Jul,63.1,60.6,526155(R),505332(R),20823(R),4.0(R)
Montana,2017,Aug,63.1,60.6,526236(R),505442(R),20794(R),4.0(R)
Montana,2017,Sep,63,60.5,526271(R),505558(R),20713(R),3.9(R)
Montana,2017,Oct,62.9,60.5,526359(R),505766(R),20593(R),3.9(R)
Montana,2017,Nov,62.9,60.5,526503(R),506057(R),20446(R),3.9(R)
Montana,2017,Dec,62.9,60.5,526665(R),506396(R),20269(R),3.8(R)
Montana,2018,Jan,62.9,60.5,526863(R),506795(R),20068(R),3.8(R)
Montana,2018,Feb,62.8,60.5,527149(R),507281(R),19868(R),3.8(R)
Montana,2018,Mar,62.8,60.5,527522(R),507839(R),19683(R),3.7(R)
Montana,2018,Apr,62.8,60.5,527913(R),508392(R),19521(R),3.7(R)
Montana,2018,May,62.8,60.5,528265(R),508873(R),19392(R),3.7(R)
Montana,2018,Jun,62.8,60.5,528573(R),509288(R),19285(R),3.6(R)
Montana,2018,Jul,62.8,60.5,528881(R),509696(R),19185(R),3.6(R)
Montana,2018,Aug,62.8,60.5,529238(R),510153(R),19085(R),3.6(R)
Montana,2018,Sep,62.8,60.5,529646(R),510687(R),18959(R),3.6(R)
Montana,2018,Oct,62.7,60.5,530058(R),511240(R),18818(R),3.6(R)
Montana,2018,Nov,62.7,60.5,530431(R),511732(R),18699(R),3.5(R)
Montana,2018,Dec,62.7,60.5,530733(R),512115(R),18618(R),3.5(R)
Nebraska,2017,Jan,69.2,67.1,1008670(R),978150(R),30520(R),3.0(R)
Nebraska,2017,Feb,69.2,67.1,1008992(R),978897(R),30095(R),3.0(R)
Nebraska,2017,Mar,69.2,67.2,1009492(R),979770(R),29722(R),2.9(R)
Nebraska,2017,Apr,69.2,67.2,1010113(R),980653(R),29460(R),2.9(R)
Nebraska,2017,May,69.2,67.2,1010770(R),981453(R),29317(R),2.9(R)
Nebraska,2017,Jun,69.2,67.2,1011431(R),982150(R),29281(R),2.9(R)
Nebraska,2017,Jul,69.2,67.2,1012125(R),982812(R),29313(R),2.9(R)
Nebraska,2017,Aug,69.2,67.2,1012820(R),983490(R),29330(R),2.9(R)
Nebraska,2017,Sep,69.2,67.2,1013521(R),984192(R),29329(R),2.9(R)
Nebraska,2017,Oct,69.3,67.2,1014299(R),984933(R),29366(R),2.9(R)
Nebraska,2017,Nov,69.3,67.3,1015169(R),985709(R),29460(R),2.9(R)
Nebraska,2017,Dec,69.3,67.3,1016118(R),986561(R),29557(R),2.9(R)
Nebraska,2018,Jan,69.3,67.3,1017168(R),987524(R),29644(R),2.9(R)
Nebraska,2018,Feb,69.4,67.4,1018343(R),988614(R),29729(R),2.9(R)
Nebraska,2018,Mar,69.4,67.4,1019584(R),989813(R),29771(R),2.9(R)
Nebraska,2018,Apr,69.5,67.5,1020765(R),991044(R),29721(R),2.9(R)
Nebraska,2018,May,69.5,67.5,1021856(R),992226(R),29630(R),2.9(R)
Nebraska,2018,Jun,69.6,67.5,1022900(R),993341(R),29559(R),2.9(R)
Nebraska,2018,Jul,69.6,67.6,1023930(R),994373(R),29557(R),2.9(R)
Nebraska,2018,Aug,69.6,67.6,1025032(R),995357(R),29675(R),2.9(R)
Nebraska,2018,Sep,69.6,67.6,1026227(R),996357(R),29870(R),2.9(R)
Nebraska,2018,Oct,69.7,67.6,1027492(R),997335(R),30157(R),2.9(R)
Nebraska,2018,Nov,69.7,67.7,1028753(R),998218(R),30535(R),3.0(R)
Nebraska,2018,Dec,69.8,67.7,1029900(R),998950(R),30950(R),3.0(R)
Nevada,2017,Jan,62.6,59.3,1441360(R),1365954(R),75406(R),5.2(R)
Nevada,2017,Feb,62.6,59.4,1444847(R),1369897(R),74950(R),5.2(R)
Nevada,2017,Mar,62.7,59.4,1448446(R),1373828(R),74618(R),5.2(R)
Nevada,2017,Apr,62.7,59.5,1452048(R),1377714(R),74334(R),5.1(R)
Nevada,2017,May,62.8,59.6,1455550(R),1381585(R),73965(R),5.1(R)
Nevada,2017,Jun,62.8,59.7,1458918(R),1385459(R),73459(R),5.0(R)
Nevada,2017,Jul,62.9,59.7,1462296(R),1389400(R),72896(R),5.0(R)
Nevada,2017,Aug,62.9,59.8,1465727(R),1393376(R),72351(R),4.9(R)
Nevada,2017,Sep,62.9,59.8,1469187(R),1397325(R),71862(R),4.9(R)
Nevada,2017,Oct,62.9,59.9,1472724(R),1401245(R),71479(R),4.9(R)
Nevada,2017,Nov,63,59.9,1476306(R),1405134(R),71172(R),4.8(R)
Nevada,2017,Dec,63,60,1479888(R),1409097(R),70791(R),4.8(R)
Nevada,2018,Jan,63.1,60.1,1483433(R),1413172(R),70261(R),4.7(R)
Nevada,2018,Feb,63.1,60.1,1486949(R),1417368(R),69581(R),4.7(R)
Nevada,2018,Mar,63.1,60.2,1490478(R),1421680(R),68798(R),4.6(R)
Nevada,2018,Apr,63.2,60.3,1493990(R),1425997(R),67993(R),4.6(R)
Nevada,2018,May,63.2,60.4,1497541(R),1430270(R),67271(R),4.5(R)
Nevada,2018,Jun,63.3,60.5,1501256(R),1434602(R),66654(R),4.4(R)
Nevada,2018,Jul,63.3,60.5,1505142(R),1439024(R),66118(R),4.4(R)
Nevada,2018,Aug,63.4,60.6,1509203(R),1443506(R),65697(R),4.4(R)
Nevada,2018,Sep,63.4,60.7,1513349(R),1447976(R),65373(R),4.3(R)
Nevada,2018,Oct,63.5,60.8,1517345(R),1452274(R),65071(R),4.3(R)
Nevada,2018,Nov,63.5,60.8,1521037(R),1456325(R),64712(R),4.3(R)
Nevada,2018,Dec,63.6,60.9,1524369(R),1460108(R),64261(R),4.2(R)
New Hampshire,2017,Jan,68.3,66.4,752635(R),731535(R),21100(R),2.8(R)
New Hampshire,2017,Feb,68.3,66.4,752715(R),731771(R),20944(R),2.8(R)
New Hampshire,2017,Mar,68.3,66.4,752975(R),732242(R),20733(R),2.8(R)
New Hampshire,2017,Apr,68.3,66.4,753375(R),732862(R),20513(R),2.7(R)
New Hampshire,2017,May,68.3,66.4,753864(R),733522(R),20342(R),2.7(R)
New Hampshire,2017,Jun,68.3,66.4,754385(R),734128(R),20257(R),2.7(R)
New Hampshire,2017,Jul,68.3,66.4,754886(R),734628(R),20258(R),2.7(R)
New Hampshire,2017,Aug,68.3,66.4,755342(R),735038(R),20304(R),2.7(R)
New Hampshire,2017,Sep,68.3,66.4,755799(R),735450(R),20349(R),2.7(R)
New Hampshire,2017,Oct,68.3,66.4,756335(R),735975(R),20360(R),2.7(R)
New Hampshire,2017,Nov,68.3,66.5,756948(R),736606(R),20342(R),2.7(R)
New Hampshire,2017,Dec,68.3,66.5,757622(R),737320(R),20302(R),2.7(R)
New Hampshire,2018,Jan,68.4,66.5,758385(R),738133(R),20252(R),2.7(R)
New Hampshire,2018,Feb,68.4,66.6,759267(R),739058(R),20209(R),2.7(R)
New Hampshire,2018,Mar,68.5,66.7,760233(R),740073(R),20160(R),2.7(R)
New Hampshire,2018,Apr,68.5,66.7,761142(R),741076(R),20066(R),2.6(R)
New Hampshire,2018,May,68.6,66.8,761892(R),741989(R),19903(R),2.6(R)
New Hampshire,2018,Jun,68.6,66.8,762514(R),742836(R),19678(R),2.6(R)
New Hampshire,2018,Jul,68.6,66.8,763061(R),743636(R),19425(R),2.5(R)
New Hampshire,2018,Aug,68.6,66.9,763634(R),744434(R),19200(R),2.5(R)
New Hampshire,2018,Sep,68.6,66.9,764355(R),745306(R),19049(R),2.5(R)
New Hampshire,2018,Oct,68.6,66.9,765272(R),746283(R),18989(R),2.5(R)
New Hampshire,2018,Nov,68.7,67,766392(R),747376(R),19016(R),2.5(R)
New Hampshire,2018,Dec,68.8,67,767633(R),748524(R),19109(R),2.5(R)
New Jersey,2017,Jan,63.3,60.4,4461746(R),4256013(R),205733(R),4.6(R)
New Jersey,2017,Feb,63.3,60.4,4461245(R),4257961(R),203284(R),4.6(R)
New Jersey,2017,Mar,63.3,60.5,4461144(R),4258943(R),202201(R),4.5(R)
New Jersey,2017,Apr,63.3,60.4,4461194(R),4258672(R),202522(R),4.5(R)
New Jersey,2017,May,63.3,60.4,4460983(R),4257252(R),203731(R),4.6(R)
New Jersey,2017,Jun,63.3,60.3,4460352(R),4254705(R),205647(R),4.6(R)
New Jersey,2017,Jul,63.2,60.3,4459059(R),4251211(R),207848(R),4.7(R)
New Jersey,2017,Aug,63.2,60.2,4456259(R),4246868(R),209391(R),4.7(R)
New Jersey,2017,Sep,63.1,60.1,4451899(R),4242119(R),209780(R),4.7(R)
New Jersey,2017,Oct,63,60,4446491(R),4237472(R),209019(R),4.7(R)
New Jersey,2017,Nov,62.9,60,4440412(R),4233062(R),207350(R),4.7(R)
New Jersey,2017,Dec,62.8,59.9,4434158(R),4229695(R),204463(R),4.6(R)
New Jersey,2018,Jan,62.7,59.9,4429148(R),4228216(R),200932(R),4.5(R)
New Jersey,2018,Feb,62.7,59.9,4426833(R),4229220(R),197613(R),4.5(R)
New Jersey,2018,Mar,62.7,60,4427229(R),4232626(R),194603(R),4.4(R)
New Jersey,2018,Apr,62.7,60,4428470(R),4236980(R),191490(R),4.3(R)
New Jersey,2018,May,62.7,60.1,4429065(R),4241062(R),188003(R),4.2(R)
New Jersey,2018,Jun,62.7,60.1,4428816(R),4245082(R),183734(R),4.1(R)
New Jersey,2018,Jul,62.7,60.2,4428176(R),4249462(R),178714(R),4.0(R)
New Jersey,2018,Aug,62.7,60.2,4428823(R),4254763(R),174060(R),3.9(R)
New Jersey,2018,Sep,62.7,60.3,4431853(R),4261271(R),170582(R),3.8(R)
New Jersey,2018,Oct,62.8,60.4,4437542(R),4268824(R),168718(R),3.8(R)
New Jersey,2018,Nov,62.9,60.5,4445042(R),4277081(R),167961(R),3.8(R)
New Jersey,2018,Dec,63,60.6,4452190(R),4284903(R),167287(R),3.8(R)
New Mexico,2017,Jan,57.7,54.1,935709(R),876205(R),59504(R),6.4(R)
New Mexico,2017,Feb,57.7,54.1,935778(R),877084(R),58694(R),6.3(R)
New Mexico,2017,Mar,57.7,54.1,935831(R),878012(R),57819(R),6.2(R)
New Mexico,2017,Apr,57.7,54.2,935820(R),878905(R),56915(R),6.1(R)
New Mexico,2017,May,57.7,54.2,935772(R),879750(R),56022(R),6.0(R)
New Mexico,2017,Jun,57.7,54.3,935660(R),880499(R),55161(R),5.9(R)
New Mexico,2017,Jul,57.6,54.3,935466(R),881107(R),54359(R),5.8(R)
New Mexico,2017,Aug,57.6,54.3,935193(R),881605(R),53588(R),5.7(R)
New Mexico,2017,Sep,57.5,54.3,934922(R),882142(R),52780(R),5.6(R)
New Mexico,2017,Oct,57.5,54.3,934650(R),882801(R),51849(R),5.5(R)
New Mexico,2017,Nov,57.4,54.3,934345(R),883559(R),50786(R),5.4(R)
New Mexico,2017,Dec,57.4,54.4,934073(R),884438(R),49635(R),5.3(R)
New Mexico,2018,Jan,57.4,54.4,933989(R),885510(R),48479(R),5.2(R)
New Mexico,2018,Feb,57.4,54.5,934219(R),886811(R),47408(R),5.1(R)
New Mexico,2018,Mar,57.4,54.6,934766(R),888301(R),46465(R),5.0(R)
New Mexico,2018,Apr,57.4,54.6,935432(R),889752(R),45680(R),4.9(R)
New Mexico,2018,May,57.5,54.7,936134(R),890995(R),45139(R),4.8(R)
New Mexico,2018,Jun,57.5,54.7,936964(R),892093(R),44871(R),4.8(R)
New Mexico,2018,Jul,57.5,54.8,937904(R),893095(R),44809(R),4.8(R)
New Mexico,2018,Aug,57.6,54.8,938998(R),894054(R),44944(R),4.8(R)
New Mexico,2018,Sep,57.6,54.8,940326(R),895053(R),45273(R),4.8(R)
New Mexico,2018,Oct,57.7,54.9,941927(R),896179(R),45748(R),4.9(R)
New Mexico,2018,Nov,57.7,54.9,943722(R),897452(R),46270(R),4.9(R)
New Mexico,2018,Dec,57.8,55,945491(R),898770(R),46721(R),4.9(R)
New York,2017,Jan,60.6,57.7,9530913(R),9080374(R),450539(R),4.7(R)
New York,2017,Feb,60.7,57.8,9537224(R),9091221(R),446003(R),4.7(R)
New York,2017,Mar,60.7,57.9,9545838(R),9100810(R),445028(R),4.7(R)
New York,2017,Apr,60.8,57.9,9555504(R),9108274(R),447230(R),4.7(R)
New York,2017,May,60.9,58,9564471(R),9113926(R),450545(R),4.7(R)
New York,2017,Jun,60.9,58,9570659(R),9117029(R),453630(R),4.7(R)
New York,2017,Jul,60.9,58,9572659(R),9117049(R),455610(R),4.8(R)
New York,2017,Aug,60.9,58,9568287(R),9113232(R),455055(R),4.8(R)
New York,2017,Sep,60.8,57.9,9557643(R),9105971(R),451672(R),4.7(R)
New York,2017,Oct,60.7,57.9,9543205(R),9096611(R),446594(R),4.7(R)
New York,2017,Nov,60.6,57.8,9527547(R),9085925(R),441622(R),4.6(R)
New York,2017,Dec,60.6,57.8,9513789(R),9077369(R),436420(R),4.6(R)
New York,2018,Jan,60.5,57.8,9505817(R),9074847(R),430970(R),4.5(R)
New York,2018,Feb,60.5,57.8,9506088(R),9080635(R),425453(R),4.5(R)
New York,2018,Mar,60.6,57.9,9512599(R),9093681(R),418918(R),4.4(R)
New York,2018,Apr,60.6,58,9518802(R),9108362(R),410440(R),4.3(R)
New York,2018,May,60.7,58.1,9520394(R),9119951(R),400443(R),4.2(R)
New York,2018,Jun,60.7,58.2,9518221(R),9128479(R),389742(R),4.1(R)
New York,2018,Jul,60.6,58.2,9514970(R),9135281(R),379689(R),4.0(R)
New York,2018,Aug,60.7,58.3,9515399(R),9142250(R),373149(R),3.9(R)
New York,2018,Sep,60.7,58.3,9521482(R),9150233(R),371249(R),3.9(R)
New York,2018,Oct,60.8,58.4,9531730(R),9158403(R),373327(R),3.9(R)
New York,2018,Nov,60.8,58.4,9542679(R),9165087(R),377592(R),4.0(R)
New York,2018,Dec,60.9,58.5,9549429(R),9167089(R),382340(R),4.0(R)
North Carolina,2017,Jan,61.6,58.5,4908232(R),4668246(R),239986(R),4.9(R)
North Carolina,2017,Feb,61.5,58.6,4912098(R),4678040(R),234058(R),4.8(R)
North Carolina,2017,Mar,61.5,58.7,4915480(R),4687202(R),228278(R),4.6(R)
North Carolina,2017,Apr,61.5,58.7,4919929(R),4696347(R),223582(R),4.5(R)
North Carolina,2017,May,61.5,58.8,4926285(R),4706367(R),219918(R),4.5(R)
North Carolina,2017,Jun,61.5,58.8,4934301(R),4716865(R),217436(R),4.4(R)
North Carolina,2017,Jul,61.6,58.9,4943175(R),4726877(R),216298(R),4.4(R)
North Carolina,2017,Aug,61.6,58.9,4950706(R),4735061(R),215645(R),4.4(R)
North Carolina,2017,Sep,61.6,58.9,4955417(R),4740683(R),214734(R),4.3(R)
North Carolina,2017,Oct,61.5,58.9,4957257(R),4743871(R),213386(R),4.3(R)
North Carolina,2017,Nov,61.4,58.8,4956898(R),4745105(R),211793(R),4.3(R)
North Carolina,2017,Dec,61.3,58.7,4956077(R),4746307(R),209770(R),4.2(R)
North Carolina,2018,Jan,61.3,58.7,4957181(R),4749545(R),207636(R),4.2(R)
North Carolina,2018,Feb,61.3,58.7,4961922(R),4756173(R),205749(R),4.1(R)
North Carolina,2018,Mar,61.3,58.8,4969833(R),4766016(R),203817(R),4.1(R)
North Carolina,2018,Apr,61.3,58.9,4977177(R),4775695(R),201482(R),4.0(R)
North Carolina,2018,May,61.3,58.9,4981319(R),4782348(R),198971(R),4.0(R)
North Carolina,2018,Jun,61.3,58.9,4982889(R),4786558(R),196331(R),3.9(R)
North Carolina,2018,Jul,61.2,58.8,4983233(R),4789518(R),193715(R),3.9(R)
North Carolina,2018,Aug,61.2,58.8,4985447(R),4793151(R),192296(R),3.9(R)
North Carolina,2018,Sep,61.2,58.8,4991872(R),4799281(R),192591(R),3.9(R)
North Carolina,2018,Oct,61.2,58.8,5002802(R),4808352(R),194450(R),3.9(R)
North Carolina,2018,Nov,61.3,58.9,5017079(R),4819777(R),197302(R),3.9(R)
North Carolina,2018,Dec,61.5,59,5031958(R),4831516(R),200442(R),4.0(R)
North Dakota,2017,Jan,71.1,69.1,411825(R),400253(R),11572(R),2.8(R)
North Dakota,2017,Feb,71.1,69.1,411676(R),400375(R),11301(R),2.7(R)
North Dakota,2017,Mar,71.1,69.2,411474(R),400473(R),11001(R),2.7(R)
North Dakota,2017,Apr,71,69.2,411179(R),400441(R),10738(R),2.6(R)
North Dakota,2017,May,71,69.1,410788(R),400217(R),10571(R),2.6(R)
North Dakota,2017,Jun,70.9,69.1,410317(R),399784(R),10533(R),2.6(R)
North Dakota,2017,Jul,70.8,69,409790(R),399175(R),10615(R),2.6(R)
North Dakota,2017,Aug,70.7,68.8,409222(R),398467(R),10755(R),2.6(R)
North Dakota,2017,Sep,70.5,68.7,408624(R),397731(R),10893(R),2.7(R)
North Dakota,2017,Oct,70.4,68.5,408014(R),397043(R),10971(R),2.7(R)
North Dakota,2017,Nov,70.3,68.4,407395(R),396404(R),10991(R),2.7(R)
North Dakota,2017,Dec,70.2,68.3,406774(R),395797(R),10977(R),2.7(R)
North Dakota,2018,Jan,70.1,68.2,406159(R),395224(R),10935(R),2.7(R)
North Dakota,2018,Feb,70,68.1,405555(R),394685(R),10870(R),2.7(R)
North Dakota,2018,Mar,69.8,68,404957(R),394168(R),10789(R),2.7(R)
North Dakota,2018,Apr,69.7,67.9,404346(R),393648(R),10698(R),2.6(R)
North Dakota,2018,May,69.6,67.8,403744(R),393132(R),10612(R),2.6(R)
North Dakota,2018,Jun,69.5,67.7,403209(R),392679(R),10530(R),2.6(R)
North Dakota,2018,Jul,69.4,67.6,402786(R),392352(R),10434(R),2.6(R)
North Dakota,2018,Aug,69.3,67.6,402507(R),392194(R),10313(R),2.6(R)
North Dakota,2018,Sep,69.3,67.5,402385(R),392224(R),10161(R),2.5(R)
North Dakota,2018,Oct,69.3,67.5,402400(R),392421(R),9979(R),2.5(R)
North Dakota,2018,Nov,69.3,67.6,402505(R),392744(R),9761(R),2.4(R)
North Dakota,2018,Dec,69.3,67.6,402661(R),393123(R),9538(R),2.4(R)
Ohio,2017,Jan,62.8,59.6,5763952(R),5464013(R),299939(R),5.2(R)
Ohio,2017,Feb,62.9,59.6,5769047(R),5471173(R),297874(R),5.2(R)
Ohio,2017,Mar,62.9,59.7,5773554(R),5477830(R),295724(R),5.1(R)
Ohio,2017,Apr,62.9,59.7,5777686(R),5483584(R),294102(R),5.1(R)
Ohio,2017,May,63,59.8,5781512(R),5488731(R),292781(R),5.1(R)
Ohio,2017,Jun,63,59.8,5785124(R),5493398(R),291726(R),5.0(R)
Ohio,2017,Jul,63,59.8,5788356(R),5497817(R),290539(R),5.0(R)
Ohio,2017,Aug,63,59.8,5789224(R),5501447(R),287777(R),5.0(R)
Ohio,2017,Sep,62.9,59.8,5786273(R),5503784(R),282489(R),4.9(R)
Ohio,2017,Oct,62.8,59.8,5780053(R),5504884(R),275169(R),4.8(R)
Ohio,2017,Nov,62.7,59.8,5772303(R),5504517(R),267786(R),4.6(R)
Ohio,2017,Dec,62.6,59.8,5765539(R),5503581(R),261958(R),4.5(R)
Ohio,2018,Jan,62.6,59.8,5762656(R),5503461(R),259195(R),4.5(R)
Ohio,2018,Feb,62.6,59.8,5765139(R),5505283(R),259856(R),4.5(R)
Ohio,2018,Mar,62.7,59.8,5771374(R),5509047(R),262327(R),4.5(R)
Ohio,2018,Apr,62.7,59.9,5777036(R),5512758(R),264278(R),4.6(R)
Ohio,2018,May,62.8,59.9,5779646(R),5515053(R),264593(R),4.6(R)
Ohio,2018,Jun,62.7,59.9,5779539(R),5516710(R),262829(R),4.5(R)
Ohio,2018,Jul,62.7,59.9,5778266(R),5518711(R),259555(R),4.5(R)
Ohio,2018,Aug,62.7,59.9,5779120(R),5522416(R),256704(R),4.4(R)
Ohio,2018,Sep,62.7,60,5783736(R),5528589(R),255147(R),4.4(R)
Ohio,2018,Oct,62.8,60,5791192(R),5536571(R),254621(R),4.4(R)
Ohio,2018,Nov,62.9,60.1,5799083(R),5545158(R),253925(R),4.4(R)
Ohio,2018,Dec,62.9,60.2,5804145(R),5552187(R),251958(R),4.3(R)
Oklahoma,2017,Jan,61,58.2,1827099(R),1743751(R),83348(R),4.6(R)
Oklahoma,2017,Feb,61,58.3,1827377(R),1745589(R),81788(R),4.5(R)
Oklahoma,2017,Mar,61,58.3,1828311(R),1747876(R),80435(R),4.4(R)
Oklahoma,2017,Apr,61.1,58.4,1830043(R),1750709(R),79334(R),4.3(R)
Oklahoma,2017,May,61.1,58.5,1832576(R),1754120(R),78456(R),4.3(R)
Oklahoma,2017,Jun,61.2,58.6,1835464(R),1757734(R),77730(R),4.2(R)
Oklahoma,2017,Jul,61.3,58.7,1838179(R),1761105(R),77074(R),4.2(R)
Oklahoma,2017,Aug,61.3,58.8,1840336(R),1763963(R),76373(R),4.1(R)
Oklahoma,2017,Sep,61.4,58.9,1841880(R),1766322(R),75558(R),4.1(R)
Oklahoma,2017,Oct,61.4,58.9,1842926(R),1768335(R),74591(R),4.0(R)
Oklahoma,2017,Nov,61.4,58.9,1843553(R),1770004(R),73549(R),4.0(R)
Oklahoma,2017,Dec,61.4,59,1843994(R),1771551(R),72443(R),3.9(R)
Oklahoma,2018,Jan,61.4,59,1844534(R),1773283(R),71251(R),3.9(R)
Oklahoma,2018,Feb,61.4,59.1,1845258(R),1775321(R),69937(R),3.8(R)
Oklahoma,2018,Mar,61.4,59.1,1845872(R),1777502(R),68370(R),3.7(R)
Oklahoma,2018,Apr,61.4,59.2,1845634(R),1779199(R),66435(R),3.6(R)
Oklahoma,2018,May,61.3,59.2,1844224(R),1779946(R),64278(R),3.5(R)
Oklahoma,2018,Jun,61.2,59.1,1842004(R),1779858(R),62146(R),3.4(R)
Oklahoma,2018,Jul,61.1,59.1,1839436(R),1779201(R),60235(R),3.3(R)
Oklahoma,2018,Aug,61,59,1837189(R),1778274(R),58915(R),3.2(R)
Oklahoma,2018,Sep,60.9,59,1835780(R),1777348(R),58432(R),3.2(R)
Oklahoma,2018,Oct,60.8,58.9,1835349(R),1776637(R),58712(R),3.2(R)
Oklahoma,2018,Nov,60.8,58.9,1835734(R),1776335(R),59399(R),3.2(R)
Oklahoma,2018,Dec,60.8,58.8,1836478(R),1776433(R),60045(R),3.3(R)
Oregon,2017,Jan,62.5,59.9,2068179(R),1981334(R),86845(R),4.2(R)
Oregon,2017,Feb,62.6,60,2072672(R),1987188(R),85484(R),4.1(R)
Oregon,2017,Mar,62.7,60.1,2077839(R),1993011(R),84828(R),4.1(R)
Oregon,2017,Apr,62.8,60.2,2083300(R),1998465(R),84835(R),4.1(R)
Oregon,2017,May,62.8,60.3,2088485(R),2003240(R),85245(R),4.1(R)
Oregon,2017,Jun,62.9,60.3,2092727(R),2006925(R),85802(R),4.1(R)
Oregon,2017,Jul,62.9,60.3,2095682(R),2009373(R),86309(R),4.1(R)
Oregon,2017,Aug,62.9,60.3,2097392(R),2010789(R),86603(R),4.1(R)
Oregon,2017,Sep,62.8,60.2,2098221(R),2011532(R),86689(R),4.1(R)
Oregon,2017,Oct,62.8,60.2,2098442(R),2011793(R),86649(R),4.1(R)
Oregon,2017,Nov,62.7,60.1,2098180(R),2011586(R),86594(R),4.1(R)
Oregon,2017,Dec,62.6,60,2097630(R),2011131(R),86499(R),4.1(R)
Oregon,2018,Jan,62.5,60,2097096(R),2010773(R),86323(R),4.1(R)
Oregon,2018,Feb,62.5,59.9,2096731(R),2010720(R),86011(R),4.1(R)
Oregon,2018,Mar,62.4,59.9,2096318(R),2010909(R),85409(R),4.1(R)
Oregon,2018,Apr,62.3,59.8,2095429(R),2010989(R),84440(R),4.0(R)
Oregon,2018,May,62.2,59.8,2094131(R),2010772(R),83359(R),4.0(R)
Oregon,2018,Jun,62.1,59.7,2093119(R),2010549(R),82570(R),3.9(R)
Oregon,2018,Jul,62.1,59.6,2092913(R),2010555(R),82358(R),3.9(R)
Oregon,2018,Aug,62,59.6,2094044(R),2011103(R),82941(R),4.0(R)
Oregon,2018,Sep,62,59.6,2096605(R),2012385(R),84220(R),4.0(R)
Oregon,2018,Oct,62.1,59.5,2100148(R),2014284(R),85864(R),4.1(R)
Oregon,2018,Nov,62.1,59.6,2103843(R),2016433(R),87410(R),4.2(R)
Oregon,2018,Dec,62.2,59.6,2106704(R),2018316(R),88388(R),4.2(R)
Pennsylvania,2017,Jan,62.9,59.6,6438537(R),6105806(R),332731(R),5.2(R)
Pennsylvania,2017,Feb,62.9,59.7,6438587(R),6110693(R),327894(R),5.1(R)
Pennsylvania,2017,Mar,62.9,59.7,6438280(R),6114675(R),323605(R),5.0(R)
Pennsylvania,2017,Apr,62.9,59.7,6436939(R),6117208(R),319731(R),5.0(R)
Pennsylvania,2017,May,62.8,59.8,6433906(R),6118328(R),315578(R),4.9(R)
Pennsylvania,2017,Jun,62.8,59.7,6429454(R),6117991(R),311463(R),4.8(R)
Pennsylvania,2017,Jul,62.7,59.7,6424959(R),6116627(R),308332(R),4.8(R)
Pennsylvania,2017,Aug,62.7,59.7,6420622(R),6114524(R),306098(R),4.8(R)
Pennsylvania,2017,Sep,62.6,59.6,6416554(R),6112224(R),304330(R),4.7(R)
Pennsylvania,2017,Oct,62.6,59.6,6412816(R),6110386(R),302430(R),4.7(R)
Pennsylvania,2017,Nov,62.5,59.6,6409039(R),6108932(R),300107(R),4.7(R)
Pennsylvania,2017,Dec,62.5,59.6,6405191(R),6108667(R),296524(R),4.6(R)
Pennsylvania,2018,Jan,62.4,59.6,6402605(R),6110928(R),291677(R),4.6(R)
Pennsylvania,2018,Feb,62.4,59.6,6403044(R),6116640(R),286404(R),4.5(R)
Pennsylvania,2018,Mar,62.5,59.7,6406524(R),6125296(R),281228(R),4.4(R)
Pennsylvania,2018,Apr,62.5,59.8,6410857(R),6134305(R),276552(R),4.3(R)
Pennsylvania,2018,May,62.5,59.9,6414949(R),6141775(R),273174(R),4.3(R)
Pennsylvania,2018,Jun,62.6,59.9,6419058(R),6148154(R),270904(R),4.2(R)
Pennsylvania,2018,Jul,62.6,60,6423003(R),6154096(R),268907(R),4.2(R)
Pennsylvania,2018,Aug,62.6,60,6428005(R),6160593(R),267412(R),4.2(R)
Pennsylvania,2018,Sep,62.7,60.1,6434391(R),6168060(R),266331(R),4.1(R)
Pennsylvania,2018,Oct,62.7,60.1,6441664(R),6176061(R),265603(R),4.1(R)
Pennsylvania,2018,Nov,62.8,60.2,6448723(R),6183700(R),265023(R),4.1(R)
Pennsylvania,2018,Dec,62.8,60.3,6453700(R),6189089(R),264611(R),4.1(R)
Rhode Island,2017,Jan,64.3,61.4,551878(R),526824(R),25054(R),4.5(R)
Rhode Island,2017,Feb,64.3,61.4,551909(R),527291(R),24618(R),4.5(R)
Rhode Island,2017,Mar,64.3,61.5,552083(R),527711(R),24372(R),4.4(R)
Rhode Island,2017,Apr,64.4,61.5,552359(R),528108(R),24251(R),4.4(R)
Rhode Island,2017,May,64.4,61.6,552663(R),528476(R),24187(R),4.4(R)
Rhode Island,2017,Jun,64.4,61.6,552966(R),528797(R),24169(R),4.4(R)
Rhode Island,2017,Jul,64.4,61.6,553296(R),529098(R),24198(R),4.4(R)
Rhode Island,2017,Aug,64.4,61.6,553598(R),529353(R),24245(R),4.4(R)
Rhode Island,2017,Sep,64.5,61.6,553818(R),529523(R),24295(R),4.4(R)
Rhode Island,2017,Oct,64.4,61.6,553970(R),529640(R),24330(R),4.4(R)
Rhode Island,2017,Nov,64.4,61.6,554085(R),529752(R),24333(R),4.4(R)
Rhode Island,2017,Dec,64.4,61.6,554218(R),529947(R),24271(R),4.4(R)
Rhode Island,2018,Jan,64.5,61.6,554379(R),530280(R),24099(R),4.3(R)
Rhode Island,2018,Feb,64.5,61.7,554530(R),530755(R),23775(R),4.3(R)
Rhode Island,2018,Mar,64.5,61.7,554642(R),531319(R),23323(R),4.2(R)
Rhode Island,2018,Apr,64.5,61.8,554697(R),531888(R),22809(R),4.1(R)
Rhode Island,2018,May,64.4,61.8,554686(R),532394(R),22292(R),4.0(R)
Rhode Island,2018,Jun,64.4,61.9,554610(R),532782(R),21828(R),3.9(R)
Rhode Island,2018,Jul,64.4,61.9,554488(R),533016(R),21472(R),3.9(R)
Rhode Island,2018,Aug,64.3,61.9,554421(R),533169(R),21252(R),3.8(R)
Rhode Island,2018,Sep,64.3,61.9,554473(R),533351(R),21122(R),3.8(R)
Rhode Island,2018,Oct,64.3,61.9,554613(R),533598(R),21015(R),3.8(R)
Rhode Island,2018,Nov,64.3,61.9,554770(R),533898(R),20872(R),3.8(R)
Rhode Island,2018,Dec,64.3,61.9,554849(R),534176(R),20673(R),3.7(R)
South Carolina,2017,Jan,58.8,56.1,2302787(R),2198812(R),103975(R),4.5(R)
South Carolina,2017,Feb,58.7,56.1,2303971(R),2201818(R),102153(R),4.4(R)
South Carolina,2017,Mar,58.7,56.1,2305250(R),2204694(R),100556(R),4.4(R)
South Carolina,2017,Apr,58.7,56.1,2306727(R),2207324(R),99403(R),4.3(R)
South Carolina,2017,May,58.6,56.1,2308547(R),2209859(R),98688(R),4.3(R)
South Carolina,2017,Jun,58.6,56.1,2310850(R),2212394(R),98456(R),4.3(R)
South Carolina,2017,Jul,58.6,56.1,2313304(R),2214704(R),98600(R),4.3(R)
South Carolina,2017,Aug,58.6,56.1,2315408(R),2216712(R),98696(R),4.3(R)
South Carolina,2017,Sep,58.6,56.1,2317122(R),2218754(R),98368(R),4.2(R)
South Carolina,2017,Oct,58.5,56.1,2318668(R),2221181(R),97487(R),4.2(R)
South Carolina,2017,Nov,58.5,56.1,2320154(R),2224179(R),95975(R),4.1(R)
South Carolina,2017,Dec,58.5,56.1,2321646(R),2228024(R),93622(R),4.0(R)
South Carolina,2018,Jan,58.4,56.2,2323502(R),2232819(R),90683(R),3.9(R)
South Carolina,2018,Feb,58.4,56.2,2325939(R),2238369(R),87570(R),3.8(R)
South Carolina,2018,Mar,58.4,56.3,2328663(R),2244195(R),84468(R),3.6(R)
South Carolina,2018,Apr,58.4,56.4,2331110(R),2249393(R),81717(R),3.5(R)
South Carolina,2018,May,58.4,56.4,2333214(R),2253422(R),79792(R),3.4(R)
South Carolina,2018,Jun,58.4,56.4,2335368(R),2256694(R),78674(R),3.4(R)
South Carolina,2018,Jul,58.4,56.4,2338109(R),2260018(R),78091(R),3.3(R)
South Carolina,2018,Aug,58.4,56.5,2341903(R),2264006(R),77897(R),3.3(R)
South Carolina,2018,Sep,58.4,56.5,2346596(R),2268697(R),77899(R),3.3(R)
South Carolina,2018,Oct,58.5,56.6,2351941(R),2273860(R),78081(R),3.3(R)
South Carolina,2018,Nov,58.6,56.6,2357630(R),2279069(R),78561(R),3.3(R)
South Carolina,2018,Dec,58.6,56.7,2363064(R),2283671(R),79393(R),3.4(R)
South Dakota,2017,Jan,69,66.9,454425(R),440134(R),14291(R),3.1(R)
South Dakota,2017,Feb,69,66.9,454822(R),440485(R),14337(R),3.2(R)
South Dakota,2017,Mar,69,66.9,455220(R),440838(R),14382(R),3.2(R)
South Dakota,2017,Apr,69,66.9,455580(R),441133(R),14447(R),3.2(R)
South Dakota,2017,May,69,66.8,455900(R),441358(R),14542(R),3.2(R)
South Dakota,2017,Jun,69,66.8,456183(R),441520(R),14663(R),3.2(R)
South Dakota,2017,Jul,69,66.7,456433(R),441644(R),14789(R),3.2(R)
South Dakota,2017,Aug,69,66.7,456677(R),441802(R),14875(R),3.3(R)
South Dakota,2017,Sep,68.9,66.7,456949(R),442057(R),14892(R),3.3(R)
South Dakota,2017,Oct,68.9,66.7,457283(R),442454(R),14829(R),3.2(R)
South Dakota,2017,Nov,68.9,66.7,457627(R),442897(R),14730(R),3.2(R)
South Dakota,2017,Dec,68.9,66.7,457922(R),443288(R),14634(R),3.2(R)
South Dakota,2018,Jan,69,66.8,458170(R),443624(R),14546(R),3.2(R)
South Dakota,2018,Feb,68.9,66.8,458394(R),443930(R),14464(R),3.2(R)
South Dakota,2018,Mar,68.9,66.8,458607(R),444237(R),14370(R),3.1(R)
South Dakota,2018,Apr,68.9,66.8,458801(R),444552(R),14249(R),3.1(R)
South Dakota,2018,May,68.9,66.8,459001(R),444878(R),14123(R),3.1(R)
South Dakota,2018,Jun,68.9,66.8,459232(R),445222(R),14010(R),3.1(R)
South Dakota,2018,Jul,68.9,66.8,459510(R),445595(R),13915(R),3.0(R)
South Dakota,2018,Aug,68.9,66.8,459843(R),445991(R),13852(R),3.0(R)
South Dakota,2018,Sep,68.9,66.8,460219(R),446385(R),13834(R),3.0(R)
South Dakota,2018,Oct,68.9,66.8,460622(R),446743(R),13879(R),3.0(R)
South Dakota,2018,Nov,68.9,66.8,461020(R),447039(R),13981(R),3.0(R)
South Dakota,2018,Dec,68.9,66.8,461384(R),447254(R),14130(R),3.1(R)
Tennessee,2017,Jan,60.2,57.5,3157342(R),3014969(R),142373(R),4.5(R)
Tennessee,2017,Feb,60.2,57.6,3159650(R),3022805(R),136845(R),4.3(R)
Tennessee,2017,Mar,60.2,57.7,3162582(R),3031826(R),130756(R),4.1(R)
Tennessee,2017,Apr,60.3,57.9,3167000(R),3042293(R),124707(R),3.9(R)
Tennessee,2017,May,60.3,58.1,3173238(R),3054059(R),119179(R),3.8(R)
Tennessee,2017,Jun,60.4,58.2,3180801(R),3065895(R),114906(R),3.6(R)
Tennessee,2017,Jul,60.5,58.4,3189009(R),3076714(R),112295(R),3.5(R)
Tennessee,2017,Aug,60.6,58.5,3196661(R),3085631(R),111030(R),3.5(R)
Tennessee,2017,Sep,60.7,58.6,3202968(R),3092243(R),110725(R),3.5(R)
Tennessee,2017,Oct,60.7,58.6,3207815(R),3096685(R),111130(R),3.5(R)
Tennessee,2017,Nov,60.7,58.6,3211390(R),3099333(R),112057(R),3.5(R)
Tennessee,2017,Dec,60.7,58.6,3214570(R),3101384(R),113186(R),3.5(R)
Tennessee,2018,Jan,60.7,58.6,3218699(R),3104315(R),114384(R),3.6(R)
Tennessee,2018,Feb,60.8,58.6,3224656(R),3109171(R),115485(R),3.6(R)
Tennessee,2018,Mar,60.9,58.7,3231944(R),3115677(R),116267(R),3.6(R)
Tennessee,2018,Apr,61,58.8,3238744(R),3122149(R),116595(R),3.6(R)
Tennessee,2018,May,61,58.8,3244194(R),3127605(R),116589(R),3.6(R)
Tennessee,2018,Jun,61.1,58.9,3248953(R),3132762(R),116191(R),3.6(R)
Tennessee,2018,Jul,61.1,58.9,3253724(R),3138439(R),115285(R),3.5(R)
Tennessee,2018,Aug,61.1,59,3259658(R),3145441(R),114217(R),3.5(R)
Tennessee,2018,Sep,61.2,59.1,3267423(R),3154263(R),113160(R),3.5(R)
Tennessee,2018,Oct,61.4,59.3,3276966(R),3164697(R),112269(R),3.4(R)
Tennessee,2018,Nov,61.5,59.4,3287799(R),3176027(R),111772(R),3.4(R)
Tennessee,2018,Dec,61.7,59.6,3298883(R),3187014(R),111869(R),3.4(R)
Texas,2017,Jan,63.8,60.8,13469939(R),12832003(R),637936(R),4.7(R)
Texas,2017,Feb,63.8,60.8,13490852(R),12860135(R),630717(R),4.7(R)
Texas,2017,Mar,63.8,60.9,13509998(R),12889646(R),620352(R),4.6(R)
Texas,2017,Apr,63.8,61,13527910(R),12919986(R),607924(R),4.5(R)
Texas,2017,May,63.8,61,13545404(R),12951366(R),594038(R),4.4(R)
Texas,2017,Jun,63.8,61.1,13563216(R),12982307(R),580909(R),4.3(R)
Texas,2017,Jul,63.8,61.2,13582350(R),13011793(R),570557(R),4.2(R)
Texas,2017,Aug,63.8,61.2,13601714(R),13038893(R),562821(R),4.1(R)
Texas,2017,Sep,63.8,61.2,13621164(R),13063996(R),557168(R),4.1(R)
Texas,2017,Oct,63.9,61.3,13641289(R),13087950(R),553339(R),4.1(R)
Texas,2017,Nov,63.9,61.3,13661966(R),13110303(R),551663(R),4.0(R)
Texas,2017,Dec,63.9,61.3,13683655(R),13132506(R),551149(R),4.0(R)
Texas,2018,Jan,63.9,61.4,13707892(R),13156374(R),551518(R),4.0(R)
Texas,2018,Feb,64,61.4,13735386(R),13182948(R),552438(R),4.0(R)
Texas,2018,Mar,64,61.5,13762997(R),13211042(R),551955(R),4.0(R)
Texas,2018,Apr,64.1,61.5,13784494(R),13236243(R),548251(R),4.0(R)
Texas,2018,May,64,61.5,13798149(R),13256169(R),541980(R),3.9(R)
Texas,2018,Jun,64,61.5,13807325(R),13273403(R),533922(R),3.9(R)
Texas,2018,Jul,64,61.5,13815834(R),13290921(R),524913(R),3.8(R)
Texas,2018,Aug,63.9,61.5,13829344(R),13311213(R),518131(R),3.7(R)
Texas,2018,Sep,63.9,61.6,13850222(R),13334935(R),515287(R),3.7(R)
Texas,2018,Oct,64,61.6,13876594(R),13360885(R),515709(R),3.7(R)
Texas,2018,Nov,64,61.6,13903768(R),13386988(R),516780(R),3.7(R)
Texas,2018,Dec,64,61.7,13925197(R),13409628(R),515569(R),3.7(R)
Utah,2017,Jan,68.9,66.6,1530749(R),1479893(R),50856(R),3.3(R)
Utah,2017,Feb,68.9,66.6,1534344(R),1483394(R),50950(R),3.3(R)
Utah,2017,Mar,68.9,66.6,1537790(R),1486736(R),51054(R),3.3(R)
Utah,2017,Apr,68.9,66.7,1540998(R),1489857(R),51141(R),3.3(R)
Utah,2017,May,68.9,66.7,1543901(R),1492770(R),51131(R),3.3(R)
Utah,2017,Jun,68.9,66.6,1546548(R),1495521(R),51027(R),3.3(R)
Utah,2017,Jul,68.9,66.6,1549122(R),1498261(R),50861(R),3.3(R)
Utah,2017,Aug,68.9,66.6,1551585(R),1500992(R),50593(R),3.3(R)
Utah,2017,Sep,68.8,66.6,1553867(R),1503651(R),50216(R),3.2(R)
Utah,2017,Oct,68.8,66.6,1555978(R),1506213(R),49765(R),3.2(R)
Utah,2017,Nov,68.7,66.6,1557840(R),1508523(R),49317(R),3.2(R)
Utah,2017,Dec,68.7,66.5,1559444(R),1510541(R),48903(R),3.1(R)
Utah,2018,Jan,68.6,66.5,1560861(R),1512307(R),48554(R),3.1(R)
Utah,2018,Feb,68.6,66.4,1562204(R),1513912(R),48292(R),3.1(R)
Utah,2018,Mar,68.5,66.4,1563548(R),1515420(R),48128(R),3.1(R)
Utah,2018,Apr,68.4,66.3,1564856(R),1516798(R),48058(R),3.1(R)
Utah,2018,May,68.4,66.3,1566153(R),1518105(R),48048(R),3.1(R)
Utah,2018,Jun,68.3,66.2,1567598(R),1519575(R),48023(R),3.1(R)
Utah,2018,Jul,68.2,66.2,1569298(R),1521391(R),47907(R),3.1(R)
Utah,2018,Aug,68.2,66.1,1571430(R),1523699(R),47731(R),3.0(R)
Utah,2018,Sep,68.2,66.1,1574010(R),1526507(R),47503(R),3.0(R)
Utah,2018,Oct,68.2,66.1,1576846(R),1529637(R),47209(R),3.0(R)
Utah,2018,Nov,68.2,66.1,1579845(R),1533017(R),46828(R),3.0(R)
Utah,2018,Dec,68.2,66.2,1583000(R),1536644(R),46356(R),2.9(R)
Vermont,2017,Jan,67,64.9,345256(R),334506(R),10750(R),3.1(R)
Vermont,2017,Feb,67,64.9,345177(R),334487(R),10690(R),3.1(R)
Vermont,2017,Mar,66.9,64.9,345141(R),334542(R),10599(R),3.1(R)
Vermont,2017,Apr,66.9,64.9,345195(R),334713(R),10482(R),3.0(R)
Vermont,2017,May,66.9,64.9,345346(R),334993(R),10353(R),3.0(R)
Vermont,2017,Jun,67,65,345563(R),335338(R),10225(R),3.0(R)
Vermont,2017,Jul,67,65,345823(R),335717(R),10106(R),2.9(R)
Vermont,2017,Aug,67,65.1,346055(R),336064(R),9991(R),2.9(R)
Vermont,2017,Sep,67,65.1,346211(R),336340(R),9871(R),2.9(R)
Vermont,2017,Oct,67,65.2,346301(R),336560(R),9741(R),2.8(R)
Vermont,2017,Nov,67,65.2,346324(R),336722(R),9602(R),2.8(R)
Vermont,2017,Dec,67,65.2,346302(R),336833(R),9469(R),2.7(R)
Vermont,2018,Jan,67,65.2,346242(R),336887(R),9355(R),2.7(R)
Vermont,2018,Feb,67,65.2,346156(R),336893(R),9263(R),2.7(R)
Vermont,2018,Mar,67,65.2,346063(R),336880(R),9183(R),2.7(R)
Vermont,2018,Apr,66.9,65.2,345950(R),336849(R),9101(R),2.6(R)
Vermont,2018,May,66.9,65.2,345804(R),336798(R),9006(R),2.6(R)
Vermont,2018,Jun,66.8,65.1,345614(R),336722(R),8892(R),2.6(R)
Vermont,2018,Jul,66.8,65.1,345363(R),336600(R),8763(R),2.5(R)
Vermont,2018,Aug,66.7,65,345074(R),336441(R),8633(R),2.5(R)
Vermont,2018,Sep,66.6,65,344789(R),336276(R),8513(R),2.5(R)
Vermont,2018,Oct,66.6,64.9,344533(R),336125(R),8408(R),2.4(R)
Vermont,2018,Nov,66.5,64.9,344339(R),336025(R),8314(R),2.4(R)
Vermont,2018,Dec,66.5,64.9,344212(R),335986(R),8226(R),2.4(R)
Virginia,2017,Jan,65.2,62.6,4283427(R),4111349(R),172078(R),4.0(R)
Virginia,2017,Feb,65.3,62.7,4290337(R),4120793(R),169544(R),4.0(R)
Virginia,2017,Mar,65.3,62.8,4296893(R),4129781(R),167112(R),3.9(R)
Virginia,2017,Apr,65.4,62.9,4303237(R),4138362(R),164875(R),3.8(R)
Virginia,2017,May,65.4,63,4309486(R),4146856(R),162630(R),3.8(R)
Virginia,2017,Jun,65.5,63,4315181(R),4154719(R),160462(R),3.7(R)
Virginia,2017,Jul,65.5,63.1,4319979(R),4161450(R),158529(R),3.7(R)
Virginia,2017,Aug,65.5,63.1,4323055(R),4166527(R),156528(R),3.6(R)
Virginia,2017,Sep,65.5,63.1,4324186(R),4170033(R),154153(R),3.6(R)
Virginia,2017,Oct,65.4,63.1,4323829(R),4172499(R),151330(R),3.5(R)
Virginia,2017,Nov,65.4,63.1,4322440(R),4174224(R),148216(R),3.4(R)
Virginia,2017,Dec,65.3,63.1,4321090(R),4176250(R),144840(R),3.4(R)
Virginia,2018,Jan,65.3,63.2,4321285(R),4179688(R),141597(R),3.3(R)
Virginia,2018,Feb,65.3,63.2,4324074(R),4185221(R),138853(R),3.2(R)
Virginia,2018,Mar,65.4,63.3,4328875(R),4192335(R),136540(R),3.2(R)
Virginia,2018,Apr,65.4,63.4,4333258(R),4198820(R),134438(R),3.1(R)
Virginia,2018,May,65.4,63.4,4335747(R),4203196(R),132551(R),3.1(R)
Virginia,2018,Jun,65.4,63.4,4336930(R),4206240(R),130690(R),3.0(R)
Virginia,2018,Jul,65.4,63.4,4337899(R),4209196(R),128703(R),3.0(R)
Virginia,2018,Aug,65.4,63.5,4340536(R),4213317(R),127219(R),2.9(R)
Virginia,2018,Sep,65.4,63.5,4345973(R),4219278(R),126695(R),2.9(R)
Virginia,2018,Oct,65.5,63.6,4354026(R),4226855(R),127171(R),2.9(R)
Virginia,2018,Nov,65.6,63.7,4363519(R),4235273(R),128246(R),2.9(R)
Virginia,2018,Dec,65.7,63.8,4372388(R),4243038(R),129350(R),3.0(R)
Washington,2017,Jan,63.7,60.6,3687410(R),3508427(R),178983(R),4.9(R)
Washington,2017,Feb,63.7,60.6,3694700(R),3517567(R),177133(R),4.8(R)
Washington,2017,Mar,63.7,60.7,3702713(R),3526769(R),175944(R),4.8(R)
Washington,2017,Apr,63.8,60.8,3711308(R),3535824(R),175484(R),4.7(R)
Washington,2017,May,63.8,60.8,3719971(R),3544553(R),175418(R),4.7(R)
Washington,2017,Jun,63.9,60.9,3727894(R),3552475(R),175419(R),4.7(R)
Washington,2017,Jul,63.9,60.9,3734579(R),3559278(R),175301(R),4.7(R)
Washington,2017,Aug,63.9,60.9,3739701(R),3564798(R),174903(R),4.7(R)
Washington,2017,Sep,63.9,60.9,3743691(R),3569425(R),174266(R),4.7(R)
Washington,2017,Oct,63.8,60.9,3747458(R),3573959(R),173499(R),4.6(R)
Washington,2017,Nov,63.8,60.9,3751607(R),3578825(R),172782(R),4.6(R)
Washington,2017,Dec,63.8,60.9,3756630(R),3584565(R),172065(R),4.6(R)
Washington,2018,Jan,63.9,60.9,3762893(R),3591510(R),171383(R),4.6(R)
Washington,2018,Feb,63.9,61,3770387(R),3599592(R),170795(R),4.5(R)
Washington,2018,Mar,64,61.1,3778474(R),3608360(R),170114(R),4.5(R)
Washington,2018,Apr,64,61.2,3785883(R),3616762(R),169121(R),4.5(R)
Washington,2018,May,64,61.2,3792258(R),3624247(R),168011(R),4.4(R)
Washington,2018,Jun,64.1,61.2,3798610(R),3631464(R),167146(R),4.4(R)
Washington,2018,Jul,64.1,61.3,3805825(R),3639106(R),166719(R),4.4(R)
Washington,2018,Aug,64.2,61.4,3814864(R),3647826(R),167038(R),4.4(R)
Washington,2018,Sep,64.3,61.4,3825717(R),3657561(R),168156(R),4.4(R)
Washington,2018,Oct,64.4,61.5,3837511(R),3667579(R),169932(R),4.4(R)
Washington,2018,Nov,64.5,61.6,3849304(R),3677322(R),171982(R),4.5(R)
Washington,2018,Dec,64.6,61.7,3860043(R),3686298(R),173745(R),4.5(R)
West Virginia,2017,Jan,53,50.2,778115(R),736779(R),41336(R),5.3(R)
West Virginia,2017,Feb,53,50.3,777364(R),737246(R),40118(R),5.2(R)
West Virginia,2017,Mar,53,50.3,776921(R),737577(R),39344(R),5.1(R)
West Virginia,2017,Apr,53,50.4,776906(R),737840(R),39066(R),5.0(R)
West Virginia,2017,May,53.1,50.4,777311(R),738153(R),39158(R),5.0(R)
West Virginia,2017,Jun,53.2,50.5,777991(R),738485(R),39506(R),5.1(R)
West Virginia,2017,Jul,53.2,50.5,778851(R),738809(R),40042(R),5.1(R)
West Virginia,2017,Aug,53.3,50.5,779701(R),739089(R),40612(R),5.2(R)
West Virginia,2017,Sep,53.4,50.6,780391(R),739301(R),41090(R),5.3(R)
West Virginia,2017,Oct,53.4,50.6,780894(R),739435(R),41459(R),5.3(R)
West Virginia,2017,Nov,53.5,50.6,781184(R),739434(R),41750(R),5.3(R)
West Virginia,2017,Dec,53.5,50.7,781433(R),739424(R),42009(R),5.4(R)
West Virginia,2018,Jan,53.6,50.7,781862(R),739607(R),42255(R),5.4(R)
West Virginia,2018,Feb,53.7,50.8,782563(R),740125(R),42438(R),5.4(R)
West Virginia,2018,Mar,53.8,50.8,783406(R),740960(R),42446(R),5.4(R)
West Virginia,2018,Apr,53.8,50.9,784056(R),741842(R),42214(R),5.4(R)
West Virginia,2018,May,53.9,51,784408(R),742590(R),41818(R),5.3(R)
West Virginia,2018,Jun,53.9,51.1,784602(R),743308(R),41294(R),5.3(R)
West Virginia,2018,Jul,54,51.2,784789(R),744113(R),40676(R),5.2(R)
West Virginia,2018,Aug,54,51.2,785214(R),745101(R),40113(R),5.1(R)
West Virginia,2018,Sep,54.1,51.3,786047(R),746313(R),39734(R),5.1(R)
West Virginia,2018,Oct,54.2,51.5,787220(R),747715(R),39505(R),5.0(R)
West Virginia,2018,Nov,54.3,51.6,788515(R),749233(R),39282(R),5.0(R)
West Virginia,2018,Dec,54.4,51.7,789633(R),750656(R),38977(R),4.9(R)
Wisconsin,2017,Jan,68.3,65.8,3127391(R),3013979(R),113412(R),3.6(R)
Wisconsin,2017,Feb,68.3,65.9,3128569(R),3018688(R),109881(R),3.5(R)
Wisconsin,2017,Mar,68.3,66,3130104(R),3023461(R),106643(R),3.4(R)
Wisconsin,2017,Apr,68.4,66.1,3132004(R),3027791(R),104213(R),3.3(R)
Wisconsin,2017,May,68.4,66.1,3134228(R),3031530(R),102698(R),3.3(R)
Wisconsin,2017,Jun,68.4,66.2,3136337(R),3034318(R),102019(R),3.3(R)
Wisconsin,2017,Jul,68.4,66.2,3137927(R),3036064(R),101863(R),3.2(R)
Wisconsin,2017,Aug,68.4,66.2,3138347(R),3036889(R),101458(R),3.2(R)
Wisconsin,2017,Sep,68.3,66.1,3137353(R),3037173(R),100180(R),3.2(R)
Wisconsin,2017,Oct,68.2,66.1,3135391(R),3037272(R),98119(R),3.1(R)
Wisconsin,2017,Nov,68.2,66.1,3132930(R),3037053(R),95877(R),3.1(R)
Wisconsin,2017,Dec,68.1,66,3130606(R),3036632(R),93974(R),3.0(R)
Wisconsin,2018,Jan,68,66,3129139(R),3036181(R),92958(R),3.0(R)
Wisconsin,2018,Feb,68,66,3128762(R),3035713(R),93049(R),3.0(R)
Wisconsin,2018,Mar,68,65.9,3128769(R),3034914(R),93855(R),3.0(R)
Wisconsin,2018,Apr,67.9,65.9,3127690(R),3033030(R),94660(R),3.0(R)
Wisconsin,2018,May,67.8,65.8,3124755(R),3029703(R),95052(R),3.0(R)
Wisconsin,2018,Jun,67.7,65.7,3120433(R),3025633(R),94800(R),3.0(R)
Wisconsin,2018,Jul,67.6,65.5,3115579(R),3021673(R),93906(R),3.0(R)
Wisconsin,2018,Aug,67.4,65.4,3111545(R),3018569(R),92976(R),3.0(R)
Wisconsin,2018,Sep,67.4,65.4,3109070(R),3016588(R),92482(R),3.0(R)
Wisconsin,2018,Oct,67.3,65.3,3108080(R),3015479(R),92601(R),3.0(R)
Wisconsin,2018,Nov,67.3,65.3,3108131(R),3014771(R),93360(R),3.0(R)
Wisconsin,2018,Dec,67.3,65.2,3108207(R),3013527(R),94680(R),3.0(R)
Wyoming,2017,Jan,65.7,62.7,295208(R),281572(R),13636(R),4.6(R)
Wyoming,2017,Feb,65.6,62.7,294529(R),281452(R),13077(R),4.4(R)
Wyoming,2017,Mar,65.5,62.7,293902(R),281354(R),12548(R),4.3(R)
Wyoming,2017,Apr,65.5,62.8,293398(R),281264(R),12134(R),4.1(R)
Wyoming,2017,May,65.4,62.8,293071(R),281175(R),11896(R),4.1(R)
Wyoming,2017,Jun,65.4,62.8,292919(R),281071(R),11848(R),4.0(R)
Wyoming,2017,Jul,65.4,62.8,292842(R),280937(R),11905(R),4.1(R)
Wyoming,2017,Aug,65.4,62.7,292734(R),280774(R),11960(R),4.1(R)
Wyoming,2017,Sep,65.4,62.7,292566(R),280584(R),11982(R),4.1(R)
Wyoming,2017,Oct,65.3,62.6,292320(R),280372(R),11948(R),4.1(R)
Wyoming,2017,Nov,65.2,62.6,292024(R),280158(R),11866(R),4.1(R)
Wyoming,2017,Dec,65.2,62.5,291730(R),279971(R),11759(R),4.0(R)
Wyoming,2018,Jan,65.1,62.5,291480(R),279834(R),11646(R),4.0(R)
Wyoming,2018,Feb,65.1,62.5,291319(R),279768(R),11551(R),4.0(R)
Wyoming,2018,Mar,65.1,62.5,291252(R),279766(R),11486(R),3.9(R)
Wyoming,2018,Apr,65.1,62.5,291237(R),279782(R),11455(R),3.9(R)
Wyoming,2018,May,65.1,62.5,291244(R),279789(R),11455(R),3.9(R)
Wyoming,2018,Jun,65.1,62.5,291278(R),279808(R),11470(R),3.9(R)
Wyoming,2018,Jul,65.1,62.5,291346(R),279865(R),11481(R),3.9(R)
Wyoming,2018,Aug,65.1,62.5,291434(R),279981(R),11453(R),3.9(R)
Wyoming,2018,Sep,65,62.5,291506(R),280171(R),11335(R),3.9(R)
Wyoming,2018,Oct,65,62.5,291554(R),280435(R),11119(R),3.8(R)
Wyoming,2018,Nov,65,62.6,291572(R),280731(R),10841(R),3.7(R)
Wyoming,2018,Dec,65,62.6,291555(R),281011(R),10544(R),3.6(R)
Puerto Rico,2017,Jan,1122137(R),989877(R),132260(R),11.8(R),,
Puerto Rico,2017,Feb,1121892(R),992491(R),129401(R),11.5(R),,
Puerto Rico,2017,Mar,1116778(R),991673(R),125105(R),11.2(R),,
Puerto Rico,2017,Apr,1108640(R),988249(R),120391(R),10.9(R),,
Puerto Rico,2017,May,1098575(R),982500(R),116075(R),10.6(R),,
Puerto Rico,2017,Jun,1088764(R),975320(R),113444(R),10.4(R),,
Puerto Rico,2017,Jul,1081644(R),968862(R),112782(R),10.4(R),,
Puerto Rico,2017,Aug,1078833(R),965193(R),113640(R),10.5(R),,
Puerto Rico,2017,Sep,1079960(V),964344(V),115616(V),10.7(V),,
Puerto Rico,2017,Oct,1041748(R),924285(R),117463(R),11.3(R),,
Puerto Rico,2017,Nov,1084425(R),966577(R),117848(R),10.9(R),,
Puerto Rico,2017,Dec,1084929(R),968707(R),116222(R),10.7(R),,
Puerto Rico,2018,Jan,1084419(R),970913(R),113506(R),10.5(R),,
Puerto Rico,2018,Feb,1083813(R),973105(R),110708(R),10.2(R),,
Puerto Rico,2018,Mar,1082885(R),974969(R),107916(R),10.0(R),,
Puerto Rico,2018,Apr,1081750(R),976621(R),105129(R),9.7(R),,
Puerto Rico,2018,May,1081525(R),979008(R),102517(R),9.5(R),,
Puerto Rico,2018,Jun,1081770(R),982218(R),99552(R),9.2(R),,
Puerto Rico,2018,Jul,1080582(R),984200(R),96382(R),8.9(R),,
Puerto Rico,2018,Aug,1077904(R),984683(R),93221(R),8.6(R),,
Puerto Rico,2018,Sep,1074627(R),984221(R),90406(R),8.4(R),,
Puerto Rico,2018,Oct,1071799(R),982842(R),88957(R),8.3(R),,
Puerto Rico,2018,Nov,1070043(R),980839(R),89204(R),8.3(R),,
Puerto Rico,2018,Dec,1069715(R),979158(R),90557(R),8.5(R),,
